2023/1/2,hiit
2023/1/3,hiit
2023/1/5,hiit
2023/1/8,hiit
2023/1/9,hiit
2023/1/13,hiit
2023/1/15,hiit
2023/1/21,hiit
2023/1/22,hiking
2023/1/24,walk
2023/1/29,hiit
2023/1/31,hiit
2023/2/1,hiit
2023/2/2,hiit
2023/2/3,
2023/2/4,hiit
2023/2/5,swim
2023/2/6,soccer
2023/2/7,
2023/2/8,
2023/2/9,
2023/2/10,
2023/2/11,hiit
2023/2/12,swim
2023/2/13,
2023/2/14,hiit
2023/2/15,hiit
2023/2/16,
2023/2/17,hiit
2023/2/18,
2023/2/19,swim
2023/2/20,hiit
2023/2/21,hiit
2023/2/22,
2023/2/23,hiit
2023/2/24,hiit
2023/2/25,
2023/2/26,
2023/2/27,hiit
2023/2/28,
2023/3/1,
2023/3/2,
2023/3/3,
2023/3/4,
2023/3/5,
2023/3/6,hiit
2023/3/7,
2023/3/8,hiit
2023/3/9,hiit
2023/3/10,hiking
2023/3/11,
2023/3/12,swim
2023/3/13,soccer
2023/3/14,
2023/3/15,hiit
2023/3/16,
2023/3/17,hiking
2023/3/18,
2023/3/19,swim
2023/3/20,hiit
2023/3/21,
2023/3/22,
2023/3/23,hiit
2023/3/24,
2023/3/25,hiit
2023/3/26,swim
2023/3/27,hiit
2023/3/28,
2023/3/29,
2023/3/30,
2023/3/31,
2023/4/1,
2023/4/2,swim
2023/4/3,
2023/4/4,
2023/4/5,hiit
2023/4/6,
2023/4/7,
2023/4/8,
2023/4/9,
2023/4/10,
2023/4/11,
2023/4/12,
2023/4/13,hiit
2023/4/14,
2023/4/15,hiit
2023/4/16,swim
2023/4/17,soccer
2023/4/18,
2023/4/19,
2023/4/20,hiit
2023/4/21,hiit
2023/4/22,
2023/4/23,walk
2023/4/24,walk
2023/4/25,hiking
2023/4/26,hiit
2023/4/27,hiit
2023/4/28,
2023/4/29,
2023/4/30,walk
2023/5/1,walk
2023/5/2,
2023/5/3,swim
2023/5/4,
2023/5/5,
2023/5/6,
2023/5/7,
2023/5/8,
2023/5/9,
2023/5/10,cycle
2023/5/11,walk
2023/5/12,hiit
2023/5/13,
2023/5/14,
2023/5/15,hiit
2023/5/16,hiit
2023/5/17,walk
2023/5/18,hiit
2023/5/19,hiit
2023/5/20,
2023/5/21,swim
2023/5/22,soccer
2023/5/23,hiit
2023/5/24,hiit
2023/5/25,hiit
2023/5/26,
2023/5/27,
2023/5/28,swim
2023/5/29,hiit
2023/5/30,
2023/5/31,hiit
2023/6/1,
2023/6/2,
2023/6/3,hiit
2023/6/4,surfskate
2023/6/5,soccer
2023/6/6,
2023/6/7,hiit
2023/6/8,hiit
2023/6/9,hiit
2023/6/10,surfskate
2023/6/11,
2023/6/12,hiit
2023/6/13,
2023/6/14,
2023/6/15,hiit
2023/6/16,hiit
2023/6/17,
2023/6/18,swim
2023/6/19,hiit
2023/6/20,
2023/6/21,
2023/6/22,surfskate
2023/6/23,swim
2023/6/24,hiit
2023/6/25,hiit
2023/6/26,soccer
2023/6/27,hiit
2023/6/28,hiit
2023/6/29,hiit
2023/6/30,
2023/7/1,walk
2023/7/2,hiit
2023/7/3,
2023/7/4,
2023/7/5,hiit
2023/7/6,
2023/7/7,
2023/7/8,swim
2023/7/9,swim
2023/7/10,soccer
2023/7/11,
2023/7/12,
2023/7/13,hiit
2023/7/14,
2023/7/15,swim
2023/7/16,swim
2023/7/17,hiit
2023/7/18,hiit
2023/7/19,hiit
2023/7/20,
2023/7/21,hiit
2023/7/22,swim
2023/7/23,swim
2023/7/24,soccer
2023/7/25,hiit
2023/7/26,
2023/7/27,hiit
2023/7/28,hiit
2023/7/29,hiit
2023/7/30,surfskate
2023/7/31,hiit
2023/8/1,hiit
2023/8/2,hiit
2023/8/3,hiit
2023/8/4,hiit
2023/8/5,
2023/8/6,hiit
2023/8/7,soccer
2023/8/8,cycle
2023/8/9,hiit
2023/8/10,hiit
2023/8/11,hiit
2023/8/12,surfskate
2023/8/13,hiit
2023/8/14,hiit
2023/8/15,hiit
2023/8/16,hiit
2023/8/17,
2023/8/18,hiit
2023/8/19,surfskate
2023/8/20,swim
2023/8/21,hiit
2023/8/22,soccer
2023/8/23,hiit
2023/8/24,
2023/8/25,hiit
2023/8/26,swim
2023/8/27,surfskate
2023/8/28,hiit
2023/8/29,
2023/8/30,
2023/8/31,hiit
2023/9/1,hiit
2023/9/2,hiit
2023/9/3,surfskate
2023/9/4,hiit
2023/9/5,hiit
2023/9/6,hiit
2023/9/7,hiit
2023/9/8,hiit
2023/9/9,hiit
2023/9/10,surfskate
2023/9/11,
2023/9/12,hiit
2023/9/13,hiit
2023/9/14,hiit
2023/9/15,
2023/9/16,hiking
2023/9/17,hiking
2023/9/18,
2023/9/19,hiit
2023/9/20,hiit
2023/9/21,
2023/9/22,hiit
2023/9/23,surfskate
2023/9/24,surfskate
2023/9/25,
2023/9/26,hiit
2023/9/27,
2023/9/28,hiit
2023/9/29,swim
2023/9/30,
2023/10/1,walk
2023/10/2,walk
2023/10/3,walk
2023/10/4,
2023/10/5,surfskate
2023/10/6,swim
2023/10/7,
2023/10/8,hiit
2023/10/9,hiit
2023/10/10,hiit
2023/10/11,hiit
2023/10/12,cycle
2023/10/13,surfskate
2023/10/14,
2023/10/15,surfskate
2023/10/16,
2023/10/17,hiit
2023/10/18,
2023/10/19,
2023/10/20,
2023/10/21,
2023/10/22,
2023/10/23,hiit
2023/10/24,hiit
2023/10/25,
2023/10/26,hiit
2023/10/27,cycle
2023/10/28,hiit
2023/10/29,swim
2023/10/30,cycle
2023/10/31,hiit
2023/11/1,
2023/11/2,hiit
2023/11/3,hiit
2023/11/4,surfskate
2023/11/5,swim
2023/11/6,hiit
2023/11/7,hiit
2023/11/8,walk
2023/11/9,hiit
2023/11/10,cycle
2023/11/11,surfskate
2023/11/12,swim
2023/11/13,hiit
2023/11/14,
2023/11/15,
2023/11/16,
2023/11/17,hiit
2023/11/18,surfskate
2023/11/19,swim
2023/11/20,soccer
2023/11/21,
2023/11/22,
2023/11/23,
2023/11/24,hiit
2023/11/25,surfskate
2023/11/26,swim
2023/11/27,
2023/11/28,walk
2023/11/29,hiit
2023/11/30,
2023/12/1,hiit
2023/12/2,surfskate
2023/12/3,swim
2023/12/4,
2023/12/5,hiit
2023/12/6,hiit
2023/12/7,hiit
2023/12/8,
2023/12/9,surfskate
2023/12/10,surfskate
2023/12/11,hiit
2023/12/12,
2023/12/13,
2023/12/14,hiit
2023/12/15,
2023/12/16,surfskate
2023/12/17,swim
2023/12/18,hiit
2023/12/19,hiit
2023/12/20,hiit
2023/12/21,hiit
2023/12/22,hiit
2023/12/23,surfskate
2023/12/24,swim
2023/12/25,soccer
2023/12/26,
2023/12/27,
2023/12/28,
2023/12/29,
2023/12/30,surfskate
2023/12/31,swim