HKWorkoutActivityTypeHighIntensityIntervalTraining,44.70387951532999,min,2021-03-04 19:46:56 +0800,2021-03-04 19:02:14 +0800,2021-03-04 19:46:56 +0800
HKWorkoutActivityTypeHighIntensityIntervalTraining,3.534019299348195,min,2021-03-06 11:06:03 +0800,2021-03-06 11:02:28 +0800,2021-03-06 11:06:03 +0800
HKWorkoutActivityTypeHighIntensityIntervalTraining,33.8671262661616,min,2021-03-06 22:18:40 +0800,2021-03-06 21:44:47 +0800,2021-03-06 22:18:39 +0800
HKWorkoutActivityTypeSwimming,41.26419600049655,min,2021-03-07 08:43:05 +0800,2021-03-07 07:57:46 +0800,2021-03-07 08:43:04 +0800
HKWorkoutActivityTypeHighIntensityIntervalTraining,25.08424451549848,min,2021-03-08 08:53:45 +0800,2021-03-08 08:28:40 +0800,2021-03-08 08:53:45 +0800
HKWorkoutActivityTypeHighIntensityIntervalTraining,23.49358143409093,min,2021-03-09 09:07:08 +0800,2021-03-09 08:30:38 +0800,2021-03-09 09:07:07 +0800
HKWorkoutActivityTypeHighIntensityIntervalTraining,29.01908453305562,min,2021-03-10 09:02:40 +0800,2021-03-10 08:33:39 +0800,2021-03-10 09:02:40 +0800
HKWorkoutActivityTypeHighIntensityIntervalTraining,29.08739219903946,min,2021-03-11 08:55:05 +0800,2021-03-11 08:25:58 +0800,2021-03-11 08:55:05 +0800
HKWorkoutActivityTypeWalking,121.2598180830479,min,2021-03-11 21:08:57 +0800,2021-03-11 19:07:40 +0800,2021-03-11 21:08:55 +0800
HKWorkoutActivityTypeHighIntensityIntervalTraining,38.01984443465869,min,2021-03-13 17:56:23 +0800,2021-03-13 17:18:21 +0800,2021-03-13 17:56:22 +0800
HKWorkoutActivityTypeSwimming,42.99539734919866,min,2021-03-14 08:40:36 +0800,2021-03-14 07:57:36 +0800,2021-03-14 08:40:36 +0800
HKWorkoutActivityTypeHighIntensityIntervalTraining,30.03381368319193,min,2021-03-16 09:03:43 +0800,2021-03-16 08:33:41 +0800,2021-03-16 09:03:43 +0800
HKWorkoutActivityTypeHighIntensityIntervalTraining,30.02515656749408,min,2021-03-17 08:59:45 +0800,2021-03-17 08:29:43 +0800,2021-03-17 08:59:45 +0800
HKWorkoutActivityTypeHighIntensityIntervalTraining,30.03440168301264,min,2021-03-18 08:57:01 +0800,2021-03-18 08:26:59 +0800,2021-03-18 08:57:01 +0800
HKWorkoutActivityTypeSwimming,45.15478031635284,min,2021-03-20 08:40:51 +0800,2021-03-20 07:55:41 +0800,2021-03-20 08:40:50 +0800
HKWorkoutActivityTypeHighIntensityIntervalTraining,38.88118380109469,min,2021-03-21 22:06:38 +0800,2021-03-21 21:27:45 +0800,2021-03-21 22:06:37 +0800
HKWorkoutActivityTypeHighIntensityIntervalTraining,26.87699048320452,min,2021-03-22 09:03:53 +0800,2021-03-22 08:37:00 +0800,2021-03-22 09:03:53 +0800
HKWorkoutActivityTypeHighIntensityIntervalTraining,28.00797860026359,min,2021-03-23 09:00:58 +0800,2021-03-23 08:32:57 +0800,2021-03-23 09:00:58 +0800
HKWorkoutActivityTypeHighIntensityIntervalTraining,29.04260425170263,min,2021-03-24 08:59:18 +0800,2021-03-24 08:30:15 +0800,2021-03-24 08:59:17 +0800
HKWorkoutActivityTypeBadminton,55.48261973261833,min,2021-03-25 20:06:02 +0800,2021-03-25 19:10:32 +0800,2021-03-25 20:06:01 +0800
HKWorkoutActivityTypeSwimming,51.24059018294017,min,2021-03-27 08:43:21 +0800,2021-03-27 07:52:06 +0800,2021-03-27 08:43:20 +0800
HKWorkoutActivityTypeHighIntensityIntervalTraining,44.64893186688423,min,2021-03-28 22:15:04 +0800,2021-03-28 21:29:27 +0800,2021-03-28 22:15:03 +0800
HKWorkoutActivityTypeSoccer,98.16723288297653,min,2021-03-29 20:34:29 +0800,2021-03-29 18:56:18 +0800,2021-03-29 20:34:28 +0800
HKWorkoutActivityTypeHighIntensityIntervalTraining,30.00845628380775,min,2021-04-02 08:58:38 +0800,2021-04-02 08:28:37 +0800,2021-04-02 08:58:37 +0800
HKWorkoutActivityTypeSwimming,50.22521121501923,min,2021-04-03 08:42:44 +0800,2021-04-03 07:52:29 +0800,2021-04-03 08:42:43 +0800
HKWorkoutActivityTypeWalking,40.64510691761971,min,2021-04-04 12:28:19 +0800,2021-04-04 11:47:32 +0800,2021-04-04 12:28:19 +0800
HKWorkoutActivityTypeHighIntensityIntervalTraining,36.87862520019213,min,2021-04-04 17:49:18 +0800,2021-04-04 17:12:24 +0800,2021-04-04 17:49:17 +0800
HKWorkoutActivityTypeHighIntensityIntervalTraining,38.61289961536725,min,2021-04-05 22:02:38 +0800,2021-04-05 21:24:00 +0800,2021-04-05 22:02:37 +0800
HKWorkoutActivityTypeHighIntensityIntervalTraining,25.03087346752485,min,2021-04-06 08:53:05 +0800,2021-04-06 08:28:03 +0800,2021-04-06 08:53:05 +0800
HKWorkoutActivityTypeHighIntensityIntervalTraining,30.51910081704458,min,2021-04-08 09:02:05 +0800,2021-04-08 08:31:33 +0800,2021-04-08 09:02:04 +0800
HKWorkoutActivityTypeHighIntensityIntervalTraining,16.11005210081736,min,2021-04-09 08:40:01 +0800,2021-04-09 08:23:54 +0800,2021-04-09 08:40:00 +0800
HKWorkoutActivityTypeHighIntensityIntervalTraining,35.50381966630618,min,2021-04-10 22:13:17 +0800,2021-04-10 21:37:46 +0800,2021-04-10 22:13:16 +0800
HKWorkoutActivityTypeSwimming,47.13110953172048,min,2021-04-11 08:47:58 +0800,2021-04-11 08:00:34 +0800,2021-04-11 08:47:57 +0800
HKWorkoutActivityTypeHighIntensityIntervalTraining,36.01024079918862,min,2021-04-11 22:19:08 +0800,2021-04-11 21:43:07 +0800,2021-04-11 22:19:08 +0800
HKWorkoutActivityTypeSoccer,90.98815756638845,min,2021-04-12 20:31:54 +0800,2021-04-12 19:00:53 +0800,2021-04-12 20:31:53 +0800
HKWorkoutActivityTypeHighIntensityIntervalTraining,20.00178121725718,min,2021-04-14 08:55:15 +0800,2021-04-14 08:35:14 +0800,2021-04-14 08:55:14 +0800
HKWorkoutActivityTypeHighIntensityIntervalTraining,33.87526474992434,min,2021-04-15 09:11:06 +0800,2021-04-15 08:37:13 +0800,2021-04-15 09:11:05 +0800
HKWorkoutActivityTypeHighIntensityIntervalTraining,39.09804030060768,min,2021-04-17 21:04:36 +0800,2021-04-17 20:25:30 +0800,2021-04-17 21:04:35 +0800
HKWorkoutActivityTypeSwimming,58.10570166707039,min,2021-04-18 08:47:14 +0800,2021-04-18 07:49:06 +0800,2021-04-18 08:47:13 +0800
HKWorkoutActivityTypeHighIntensityIntervalTraining,30.00424293279648,min,2021-04-20 08:59:28 +0800,2021-04-20 08:29:27 +0800,2021-04-20 08:59:27 +0800
HKWorkoutActivityTypeHighIntensityIntervalTraining,36.27669224937757,min,2021-04-21 22:51:17 +0800,2021-04-21 22:15:00 +0800,2021-04-21 22:51:16 +0800
HKWorkoutActivityTypeSwimming,52.13454819917679,min,2021-04-24 08:44:46 +0800,2021-04-24 07:52:37 +0800,2021-04-24 08:44:45 +0800
HKWorkoutActivityTypeHighIntensityIntervalTraining,30.50575643380483,min,2021-04-26 09:17:21 +0800,2021-04-26 08:46:50 +0800,2021-04-26 09:17:20 +0800
HKWorkoutActivityTypeHighIntensityIntervalTraining,25.00702470143636,min,2021-04-28 23:47:14 +0800,2021-04-28 23:22:13 +0800,2021-04-28 23:47:14 +0800
HKWorkoutActivityTypeHighIntensityIntervalTraining,42.9712078332901,min,2021-05-01 23:10:38 +0800,2021-05-01 22:27:39 +0800,2021-05-01 23:10:37 +0800
HKWorkoutActivityTypeHighIntensityIntervalTraining,39.87602529923121,min,2021-05-02 22:46:37 +0800,2021-05-02 22:06:43 +0800,2021-05-02 22:46:36 +0800
HKWorkoutActivityTypeSwimming,50.10830356677373,min,2021-05-03 08:44:24 +0800,2021-05-03 07:54:17 +0800,2021-05-03 08:44:24 +0800
HKWorkoutActivityTypeHighIntensityIntervalTraining,38.16368188460668,min,2021-05-04 22:48:13 +0800,2021-05-04 22:10:03 +0800,2021-05-04 22:48:12 +0800
HKWorkoutActivityTypeHighIntensityIntervalTraining,36.35381794969241,min,2021-05-05 22:36:09 +0800,2021-05-05 21:59:47 +0800,2021-05-05 22:36:08 +0800
HKWorkoutActivityTypeHighIntensityIntervalTraining,40.27974154949188,min,2021-05-06 22:35:36 +0800,2021-05-06 21:55:11 +0800,2021-05-06 22:35:35 +0800
HKWorkoutActivityTypeHighIntensityIntervalTraining,25.01644895076752,min,2021-05-08 08:55:38 +0800,2021-05-08 08:30:36 +0800,2021-05-08 08:55:37 +0800
HKWorkoutActivityTypeSwimming,52.97376408179601,min,2021-05-09 08:40:27 +0800,2021-05-09 07:47:28 +0800,2021-05-09 08:40:27 +0800
HKWorkoutActivityTypeHighIntensityIntervalTraining,28.88128165006638,min,2021-05-12 09:02:27 +0800,2021-05-12 08:33:34 +0800,2021-05-12 09:02:27 +0800
HKWorkoutActivityTypeHighIntensityIntervalTraining,25.87387263377508,min,2021-05-13 08:59:53 +0800,2021-05-13 08:34:00 +0800,2021-05-13 08:59:53 +0800
HKWorkoutActivityTypeWalking,102.6528116663297,min,2021-05-13 21:00:55 +0800,2021-05-13 19:18:11 +0800,2021-05-13 21:00:54 +0800
HKWorkoutActivityTypeSwimming,52.11438456575076,min,2021-05-15 08:43:31 +0800,2021-05-15 07:51:23 +0800,2021-05-15 08:43:30 +0800
HKWorkoutActivityTypeHighIntensityIntervalTraining,38.01205224990845,min,2021-05-16 22:47:29 +0800,2021-05-16 22:09:28 +0800,2021-05-16 22:47:28 +0800
HKWorkoutActivityTypeHighIntensityIntervalTraining,23.15674181580544,min,2021-05-18 08:57:40 +0800,2021-05-18 08:34:22 +0800,2021-05-18 08:57:39 +0800
HKWorkoutActivityTypeHighIntensityIntervalTraining,28.03276570041974,min,2021-05-19 09:09:17 +0800,2021-05-19 08:41:15 +0800,2021-05-19 09:09:17 +0800
HKWorkoutActivityTypeHighIntensityIntervalTraining,27.99787551561991,min,2021-05-20 08:57:48 +0800,2021-05-20 08:29:48 +0800,2021-05-20 08:57:48 +0800
HKWorkoutActivityTypeHighIntensityIntervalTraining,27.87863896687826,min,2021-05-21 08:45:43 +0800,2021-05-21 08:17:50 +0800,2021-05-21 08:45:43 +0800
HKWorkoutActivityTypeSwimming,52.00301676591237,min,2021-05-22 08:43:25 +0800,2021-05-22 07:51:24 +0800,2021-05-22 08:43:25 +0800
HKWorkoutActivityTypeSwimming,66.9632885158062,min,2021-05-23 21:05:18 +0800,2021-05-23 19:58:19 +0800,2021-05-23 21:05:17 +0800
HKWorkoutActivityTypeHighIntensityIntervalTraining,39.8808664004008,min,2021-05-23 22:20:46 +0800,2021-05-23 21:40:52 +0800,2021-05-23 22:20:45 +0800
HKWorkoutActivityTypeHighIntensityIntervalTraining,36.9019394993782,min,2021-05-24 22:22:02 +0800,2021-05-24 21:45:07 +0800,2021-05-24 22:22:01 +0800
HKWorkoutActivityTypeHighIntensityIntervalTraining,35.87591293255488,min,2021-05-25 22:25:01 +0800,2021-05-25 21:49:08 +0800,2021-05-25 22:25:00 +0800
HKWorkoutActivityTypeHighIntensityIntervalTraining,36.96753161549568,min,2021-05-26 22:49:54 +0800,2021-05-26 22:12:55 +0800,2021-05-26 22:49:53 +0800
HKWorkoutActivityTypeHighIntensityIntervalTraining,32.34497290054957,min,2021-05-28 19:45:38 +0800,2021-05-28 19:13:17 +0800,2021-05-28 19:45:37 +0800
HKWorkoutActivityTypeSwimming,52.02618184884389,min,2021-05-29 08:45:43 +0800,2021-05-29 07:53:41 +0800,2021-05-29 08:45:42 +0800
HKWorkoutActivityTypeHighIntensityIntervalTraining,36.87849904894829,min,2021-05-30 22:08:58 +0800,2021-05-30 21:32:04 +0800,2021-05-30 22:08:57 +0800
HKWorkoutActivityTypeSoccer,1.756282832225164,min,2021-05-31 20:17:03 +0800,2021-05-31 19:15:53 +0800,2021-05-31 20:17:03 +0800
HKWorkoutActivityTypeHighIntensityIntervalTraining,28.01118526657422,min,2021-06-03 09:09:13 +0800,2021-06-03 08:41:12 +0800,2021-06-03 09:09:12 +0800
HKWorkoutActivityTypeHighIntensityIntervalTraining,25.87536526521047,min,2021-06-04 09:04:37 +0800,2021-06-04 08:38:44 +0800,2021-06-04 09:04:37 +0800
HKWorkoutActivityTypeHighIntensityIntervalTraining,29.51894006729126,min,2021-06-05 14:32:09 +0800,2021-06-05 10:19:56 +0800,2021-06-05 14:32:09 +0800
HKWorkoutActivityTypeSwimming,52.89739436507225,min,2021-06-06 16:50:41 +0800,2021-06-06 15:57:46 +0800,2021-06-06 16:50:40 +0800
HKWorkoutActivityTypeSoccer,62.87424326737722,min,2021-06-07 20:34:01 +0800,2021-06-07 19:31:08 +0800,2021-06-07 20:34:00 +0800
HKWorkoutActivityTypeWalking,121.614095334212,min,2021-06-10 21:16:32 +0800,2021-06-10 19:14:53 +0800,2021-06-10 21:16:30 +0800
HKWorkoutActivityTypeHighIntensityIntervalTraining,39.87475278377533,min,2021-06-12 22:30:53 +0800,2021-06-12 21:51:00 +0800,2021-06-12 22:30:53 +0800
HKWorkoutActivityTypeSwimming,52.02603388428688,min,2021-06-14 08:39:28 +0800,2021-06-14 07:47:26 +0800,2021-06-14 08:39:27 +0800
HKWorkoutActivityTypeHighIntensityIntervalTraining,39.65767131646474,min,2021-06-14 22:20:44 +0800,2021-06-14 21:41:00 +0800,2021-06-14 22:20:44 +0800
HKWorkoutActivityTypeHighIntensityIntervalTraining,45.86608613332113,min,2021-06-19 22:25:39 +0800,2021-06-19 21:39:46 +0800,2021-06-19 22:25:38 +0800
HKWorkoutActivityTypeSwimming,51.87060868342717,min,2021-06-20 08:40:09 +0800,2021-06-20 07:48:16 +0800,2021-06-20 08:40:08 +0800
HKWorkoutActivityTypeSoccer,71.73074740171432,min,2021-06-21 20:04:26 +0800,2021-06-21 18:52:41 +0800,2021-06-21 20:04:25 +0800
HKWorkoutActivityTypeHighIntensityIntervalTraining,27.88819733460744,min,2021-06-23 09:18:19 +0800,2021-06-23 08:50:25 +0800,2021-06-23 09:18:18 +0800
HKWorkoutActivityTypeHighIntensityIntervalTraining,25.87637803355853,min,2021-06-25 09:02:36 +0800,2021-06-25 08:36:43 +0800,2021-06-25 09:02:35 +0800
HKWorkoutActivityTypeSwimming,52.80161265134812,min,2021-06-26 08:51:26 +0800,2021-06-26 07:57:35 +0800,2021-06-26 08:51:25 +0800
HKWorkoutActivityTypeHighIntensityIntervalTraining,36.87596446673076,min,2021-06-27 22:38:55 +0800,2021-06-27 22:02:02 +0800,2021-06-27 22:38:55 +0800
HKWorkoutActivityTypeHighIntensityIntervalTraining,30.89719083309173,min,2021-06-30 09:22:46 +0800,2021-06-30 08:51:52 +0800,2021-06-30 09:22:46 +0800
HKWorkoutActivityTypeHighIntensityIntervalTraining,28.87998205025991,min,2021-07-01 08:55:17 +0800,2021-07-01 08:26:23 +0800,2021-07-01 08:55:16 +0800
HKWorkoutActivityTypeSwimming,52.93953293164571,min,2021-07-03 21:20:07 +0800,2021-07-03 20:27:09 +0800,2021-07-03 21:20:06 +0800
HKWorkoutActivityTypeSwimming,52.87767543395361,min,2021-07-04 08:37:20 +0800,2021-07-04 07:44:26 +0800,2021-07-04 08:37:19 +0800
HKWorkoutActivityTypeSwimming,52.87535674969355,min,2021-07-04 21:22:56 +0800,2021-07-04 20:30:02 +0800,2021-07-04 21:22:55 +0800
HKWorkoutActivityTypeSoccer,71.48208439946174,min,2021-07-05 20:27:08 +0800,2021-07-05 19:15:37 +0800,2021-07-05 20:27:06 +0800
HKWorkoutActivityTypeHighIntensityIntervalTraining,24.87226269841194,min,2021-07-06 08:47:14 +0800,2021-07-06 08:22:05 +0800,2021-07-06 08:47:14 +0800
HKWorkoutActivityTypeHighIntensityIntervalTraining,28.89794993201891,min,2021-07-08 08:45:53 +0800,2021-07-08 08:16:59 +0800,2021-07-08 08:45:53 +0800
HKWorkoutActivityTypeWalking,126.0889360328515,min,2021-07-08 21:12:28 +0800,2021-07-08 19:06:21 +0800,2021-07-08 21:12:26 +0800
HKWorkoutActivityTypeHighIntensityIntervalTraining,35.87698481678963,min,2021-07-09 22:25:03 +0800,2021-07-09 21:49:10 +0800,2021-07-09 22:25:02 +0800
HKWorkoutActivityTypeSwimming,52.86799495021502,min,2021-07-10 08:43:02 +0800,2021-07-10 07:50:09 +0800,2021-07-10 08:43:01 +0800
HKWorkoutActivityTypeSwimming,52.95973691542943,min,2021-07-10 21:27:00 +0800,2021-07-10 20:34:01 +0800,2021-07-10 21:26:59 +0800
HKWorkoutActivityTypeSwimming,52.87344943284988,min,2021-07-11 21:22:24 +0800,2021-07-11 20:29:31 +0800,2021-07-11 21:22:23 +0800
HKWorkoutActivityTypeHighIntensityIntervalTraining,43.6044668495655,min,2021-07-12 22:28:08 +0800,2021-07-12 21:44:23 +0800,2021-07-12 22:28:07 +0800
HKWorkoutActivityTypeHighIntensityIntervalTraining,36.88754733403524,min,2021-07-13 22:25:51 +0800,2021-07-13 21:48:57 +0800,2021-07-13 22:25:50 +0800
HKWorkoutActivityTypeSwimming,80.011021900177,min,2021-07-17 21:28:30 +0800,2021-07-17 20:08:28 +0800,2021-07-17 21:28:28 +0800
HKWorkoutActivityTypeHighIntensityIntervalTraining,32.02988048195839,min,2021-07-17 22:00:46 +0800,2021-07-17 21:28:43 +0800,2021-07-17 22:00:45 +0800
HKWorkoutActivityTypeSwimming,52.8957844833533,min,2021-07-18 08:43:22 +0800,2021-07-18 07:50:27 +0800,2021-07-18 08:43:21 +0800
HKWorkoutActivityTypeHighIntensityIntervalTraining,26.61923241615295,min,2021-07-19 09:10:11 +0800,2021-07-19 08:10:08 +0800,2021-07-19 09:10:11 +0800
HKWorkoutActivityTypeHighIntensityIntervalTraining,12.87227614919345,min,2021-07-23 11:07:41 +0800,2021-07-23 10:54:48 +0800,2021-07-23 11:07:40 +0800
HKWorkoutActivityTypeHighIntensityIntervalTraining,30.53147321542104,min,2021-07-30 22:17:04 +0800,2021-07-30 21:46:31 +0800,2021-07-30 22:17:03 +0800
HKWorkoutActivityTypeSwimming,52.95324536760648,min,2021-07-31 21:15:26 +0800,2021-07-31 20:22:28 +0800,2021-07-31 21:15:25 +0800
HKWorkoutActivityTypeSoccer,52.98383240302404,min,2021-08-02 20:04:54 +0800,2021-08-02 18:56:58 +0800,2021-08-02 20:04:53 +0800
HKWorkoutActivityTypeHighIntensityIntervalTraining,28.06097654898961,min,2021-08-03 22:51:15 +0800,2021-08-03 22:23:11 +0800,2021-08-03 22:51:14 +0800
HKWorkoutActivityTypeHighIntensityIntervalTraining,38.6616938650608,min,2021-08-04 22:52:00 +0800,2021-08-04 22:13:19 +0800,2021-08-04 22:51:59 +0800
HKWorkoutActivityTypeHighIntensityIntervalTraining,43.90654261708259,min,2021-08-05 22:48:25 +0800,2021-08-05 22:04:30 +0800,2021-08-05 22:48:25 +0800
HKWorkoutActivityTypeSwimming,56.87367768287659,min,2021-08-07 21:18:21 +0800,2021-08-07 20:21:27 +0800,2021-08-07 21:18:20 +0800
HKWorkoutActivityTypeSwimming,52.90377288262049,min,2021-08-08 08:51:42 +0800,2021-08-08 07:58:46 +0800,2021-08-08 08:51:41 +0800
HKWorkoutActivityTypeHighIntensityIntervalTraining,38.87932233413061,min,2021-08-09 21:54:31 +0800,2021-08-09 21:15:38 +0800,2021-08-09 21:54:31 +0800
HKWorkoutActivityTypeHighIntensityIntervalTraining,31.88347478310267,min,2021-08-11 22:21:02 +0800,2021-08-11 21:49:09 +0800,2021-08-11 22:21:02 +0800
HKWorkoutActivityTypeSwimming,52.96767155130704,min,2021-08-14 08:41:38 +0800,2021-08-14 07:48:39 +0800,2021-08-14 08:41:37 +0800
HKWorkoutActivityTypeSwimming,52.8732498506705,min,2021-08-14 18:45:29 +0800,2021-08-14 17:52:36 +0800,2021-08-14 18:45:28 +0800
HKWorkoutActivityTypeSwimming,52.87655128439268,min,2021-08-15 18:15:46 +0800,2021-08-15 17:22:52 +0800,2021-08-15 18:15:45 +0800
HKWorkoutActivityTypeSoccer,85.71593375007312,min,2021-08-16 20:28:51 +0800,2021-08-16 19:03:07 +0800,2021-08-16 20:28:50 +0800
HKWorkoutActivityTypeSwimming,52.01308238506317,min,2021-08-21 16:47:56 +0800,2021-08-21 15:55:54 +0800,2021-08-21 16:47:55 +0800
HKWorkoutActivityTypeSwimming,52.89473603367806,min,2021-08-22 08:40:19 +0800,2021-08-22 07:47:25 +0800,2021-08-22 08:40:18 +0800
HKWorkoutActivityTypeHighIntensityIntervalTraining,39.88362151583036,min,2021-08-22 22:24:19 +0800,2021-08-22 21:44:25 +0800,2021-08-22 22:24:18 +0800
HKWorkoutActivityTypeHighIntensityIntervalTraining,33.65596700112025,min,2021-08-24 22:28:26 +0800,2021-08-24 21:54:46 +0800,2021-08-24 22:28:26 +0800
HKWorkoutActivityTypeSwimming,52.87511915167173,min,2021-08-28 17:49:37 +0800,2021-08-28 16:56:44 +0800,2021-08-28 17:49:36 +0800
HKWorkoutActivityTypeSwimming,52.86923768321673,min,2021-08-29 08:47:24 +0800,2021-08-29 07:54:31 +0800,2021-08-29 08:47:23 +0800
HKWorkoutActivityTypeSoccer,98.88198818365733,min,2021-08-30 20:29:12 +0800,2021-08-30 18:50:18 +0800,2021-08-30 20:29:11 +0800
HKWorkoutActivityTypeHighIntensityIntervalTraining,20.87531703313192,min,2021-08-31 22:57:10 +0800,2021-08-31 22:36:17 +0800,2021-08-31 22:57:10 +0800
HKWorkoutActivityTypeHighIntensityIntervalTraining,26.80873545010884,min,2021-09-01 22:30:25 +0800,2021-09-01 21:58:48 +0800,2021-09-01 22:30:25 +0800
HKWorkoutActivityTypeHighIntensityIntervalTraining,36.11191086570422,min,2021-09-02 22:36:03 +0800,2021-09-02 21:59:56 +0800,2021-09-02 22:36:02 +0800
HKWorkoutActivityTypeSwimming,53.00647611618042,min,2021-09-04 18:14:19 +0800,2021-09-04 17:21:17 +0800,2021-09-04 18:14:17 +0800
HKWorkoutActivityTypeSwimming,52.87009964982668,min,2021-09-05 08:47:59 +0800,2021-09-05 07:55:06 +0800,2021-09-05 08:47:58 +0800
HKWorkoutActivityTypeHighIntensityIntervalTraining,41.87670001586278,min,2021-09-05 22:03:51 +0800,2021-09-05 21:21:58 +0800,2021-09-05 22:03:50 +0800
HKWorkoutActivityTypeHighIntensityIntervalTraining,39.86846971710523,min,2021-09-06 22:40:04 +0800,2021-09-06 22:00:11 +0800,2021-09-06 22:40:03 +0800
HKWorkoutActivityTypeHighIntensityIntervalTraining,30.14994916717211,min,2021-09-08 08:59:25 +0800,2021-09-08 08:29:10 +0800,2021-09-08 08:59:25 +0800
HKWorkoutActivityTypeWalking,69.95608170032502,min,2021-09-09 20:20:55 +0800,2021-09-09 19:10:56 +0800,2021-09-09 20:20:54 +0800
HKWorkoutActivityTypeHighIntensityIntervalTraining,26.86758608222008,min,2021-09-10 09:09:49 +0800,2021-09-10 08:42:57 +0800,2021-09-10 09:09:49 +0800
HKWorkoutActivityTypeSwimming,52.86513134837151,min,2021-09-11 18:12:30 +0800,2021-09-11 17:19:36 +0800,2021-09-11 18:12:28 +0800
HKWorkoutActivityTypeSwimming,55.8681460817655,min,2021-09-12 08:47:17 +0800,2021-09-12 07:51:21 +0800,2021-09-12 08:47:16 +0800
HKWorkoutActivityTypeSwimming,52.870546601216,min,2021-09-12 20:56:20 +0800,2021-09-12 20:03:26 +0800,2021-09-12 20:56:18 +0800
HKWorkoutActivityTypeHighIntensityIntervalTraining,28.8820907831192,min,2021-09-14 09:00:16 +0800,2021-09-14 08:31:22 +0800,2021-09-14 09:00:15 +0800
HKWorkoutActivityTypeHighIntensityIntervalTraining,34.86469744841258,min,2021-09-15 09:26:30 +0800,2021-09-15 08:39:19 +0800,2021-09-15 09:26:29 +0800
HKWorkoutActivityTypeHighIntensityIntervalTraining,25.96681070129076,min,2021-09-16 09:27:09 +0800,2021-09-16 09:01:10 +0800,2021-09-16 09:27:08 +0800
HKWorkoutActivityTypeHighIntensityIntervalTraining,36.96445425152778,min,2021-09-19 22:27:24 +0800,2021-09-19 21:50:25 +0800,2021-09-19 22:27:23 +0800
HKWorkoutActivityTypeHighIntensityIntervalTraining,36.88451499938965,min,2021-09-20 22:42:05 +0800,2021-09-20 22:05:11 +0800,2021-09-20 22:42:04 +0800
HKWorkoutActivityTypeSwimming,52.86406138340632,min,2021-09-21 08:50:09 +0800,2021-09-21 07:57:16 +0800,2021-09-21 08:50:08 +0800
HKWorkoutActivityTypeHighIntensityIntervalTraining,39.86723398367564,min,2021-09-22 22:45:31 +0800,2021-09-22 22:05:38 +0800,2021-09-22 22:45:30 +0800
HKWorkoutActivityTypeHighIntensityIntervalTraining,25.88472183346748,min,2021-09-23 09:00:02 +0800,2021-09-23 08:34:08 +0800,2021-09-23 09:00:01 +0800
HKWorkoutActivityTypeHighIntensityIntervalTraining,12.87174828449885,min,2021-09-24 08:45:21 +0800,2021-09-24 08:32:28 +0800,2021-09-24 08:45:21 +0800
HKWorkoutActivityTypeSwimming,52.86209511756897,min,2021-09-25 08:48:29 +0800,2021-09-25 07:55:36 +0800,2021-09-25 08:48:28 +0800
HKWorkoutActivityTypeSwimming,14.33410098354022,min,2021-09-25 18:05:57 +0800,2021-09-25 17:51:37 +0800,2021-09-25 18:05:57 +0800
HKWorkoutActivityTypeHighIntensityIntervalTraining,28.87402926683426,min,2021-09-27 09:03:07 +0800,2021-09-27 08:34:14 +0800,2021-09-27 09:03:06 +0800
HKWorkoutActivityTypeSoccer,98.8722701827685,min,2021-09-27 20:30:40 +0800,2021-09-27 18:51:46 +0800,2021-09-27 20:30:39 +0800
HKWorkoutActivityTypeHighIntensityIntervalTraining,26.88401495019595,min,2021-09-29 08:59:39 +0800,2021-09-29 08:32:46 +0800,2021-09-29 08:59:39 +0800
HKWorkoutActivityTypeSwimming,52.86770790020625,min,2021-10-01 08:45:16 +0800,2021-10-01 07:52:24 +0800,2021-10-01 08:45:16 +0800
HKWorkoutActivityTypeHighIntensityIntervalTraining,32.87622681657474,min,2021-10-02 22:21:58 +0800,2021-10-02 21:49:05 +0800,2021-10-02 22:21:57 +0800
HKWorkoutActivityTypeSwimming,75.86850479841232,min,2021-10-03 17:15:37 +0800,2021-10-03 15:59:45 +0800,2021-10-03 17:15:37 +0800
HKWorkoutActivityTypeHighIntensityIntervalTraining,32.87115253210068,min,2021-10-05 22:27:34 +0800,2021-10-05 21:54:41 +0800,2021-10-05 22:27:34 +0800
HKWorkoutActivityTypeSurfingSports,32.12799150149028,min,2021-10-06 11:46:34 +0800,2021-10-06 11:14:26 +0800,2021-10-06 11:46:34 +0800
HKWorkoutActivityTypeSurfingSports,60.51253521641095,min,2021-10-06 17:35:52 +0800,2021-10-06 16:35:21 +0800,2021-10-06 17:35:52 +0800
HKWorkoutActivityTypeSurfingSports,86.14907520016034,min,2021-10-07 12:16:42 +0800,2021-10-07 10:50:32 +0800,2021-10-07 12:16:41 +0800
HKWorkoutActivityTypeSurfingSports,68.87959079941113,min,2021-10-07 17:37:41 +0800,2021-10-07 16:28:48 +0800,2021-10-07 17:37:41 +0800
HKWorkoutActivityTypeHighIntensityIntervalTraining,30.87357486685117,min,2021-10-10 22:26:17 +0800,2021-10-10 21:55:25 +0800,2021-10-10 22:26:17 +0800
HKWorkoutActivityTypeSoccer,60.86978811621666,min,2021-10-11 20:32:36 +0800,2021-10-11 19:31:43 +0800,2021-10-11 20:32:35 +0800
HKWorkoutActivityTypeHighIntensityIntervalTraining,38.86858223279317,min,2021-10-12 22:31:07 +0800,2021-10-12 21:52:09 +0800,2021-10-12 22:31:06 +0800
HKWorkoutActivityTypeHighIntensityIntervalTraining,29.87286225159963,min,2021-10-15 09:01:22 +0800,2021-10-15 08:31:29 +0800,2021-10-15 09:01:21 +0800
HKWorkoutActivityTypeWalking,42.78581825296084,min,2021-10-16 18:14:36 +0800,2021-10-16 17:31:48 +0800,2021-10-16 18:14:35 +0800
HKWorkoutActivityTypeHighIntensityIntervalTraining,30.87250386675199,min,2021-10-19 09:06:46 +0800,2021-10-19 08:35:53 +0800,2021-10-19 09:06:45 +0800
HKWorkoutActivityTypeHighIntensityIntervalTraining,25.87086311578751,min,2021-10-20 09:05:13 +0800,2021-10-20 08:39:21 +0800,2021-10-20 09:05:13 +0800
HKWorkoutActivityTypeHighIntensityIntervalTraining,27.33371224999428,min,2021-10-21 08:59:48 +0800,2021-10-21 08:32:19 +0800,2021-10-21 08:59:48 +0800
HKWorkoutActivityTypeRunning,3.833508100112279,min,2021-10-21 22:31:44 +0800,2021-10-21 22:27:54 +0800,2021-10-21 22:31:44 +0800
HKWorkoutActivityTypeHighIntensityIntervalTraining,28.88377431631088,min,2021-10-22 09:15:13 +0800,2021-10-22 08:46:20 +0800,2021-10-22 09:15:13 +0800
HKWorkoutActivityTypeSwimming,52.87071290016174,min,2021-10-24 08:40:41 +0800,2021-10-24 07:47:48 +0800,2021-10-24 08:40:40 +0800
HKWorkoutActivityTypeHighIntensityIntervalTraining,25.87497985164324,min,2021-10-25 08:58:21 +0800,2021-10-25 08:32:28 +0800,2021-10-25 08:58:20 +0800
HKWorkoutActivityTypeHighIntensityIntervalTraining,29.17336783409119,min,2021-10-26 09:11:39 +0800,2021-10-26 08:42:28 +0800,2021-10-26 09:11:39 +0800
HKWorkoutActivityTypeHighIntensityIntervalTraining,28.8741416990757,min,2021-10-27 09:12:42 +0800,2021-10-27 08:43:49 +0800,2021-10-27 09:12:42 +0800
HKWorkoutActivityTypeHighIntensityIntervalTraining,30.28518718481064,min,2021-10-28 09:03:47 +0800,2021-10-28 08:33:29 +0800,2021-10-28 09:03:47 +0800
HKWorkoutActivityTypeHighIntensityIntervalTraining,26.87545659939448,min,2021-10-29 08:57:03 +0800,2021-10-29 08:30:10 +0800,2021-10-29 08:57:03 +0800
HKWorkoutActivityTypeSwimming,66.87222398320834,min,2021-10-31 17:39:24 +0800,2021-10-31 16:32:32 +0800,2021-10-31 17:39:24 +0800
HKWorkoutActivityTypeHighIntensityIntervalTraining,29.87502578298251,min,2021-11-01 09:11:58 +0800,2021-11-01 08:42:05 +0800,2021-11-01 09:11:57 +0800
HKWorkoutActivityTypeHighIntensityIntervalTraining,25.87175108393033,min,2021-11-02 09:35:47 +0800,2021-11-02 09:09:54 +0800,2021-11-02 09:35:46 +0800
HKWorkoutActivityTypeSurfingSports,40.60082881649335,min,2021-11-03 12:36:12 +0800,2021-11-03 11:55:36 +0800,2021-11-03 12:36:12 +0800
HKWorkoutActivityTypeHighIntensityIntervalTraining,38.38032164971034,min,2021-11-05 22:22:41 +0800,2021-11-05 21:44:18 +0800,2021-11-05 22:22:41 +0800
HKWorkoutActivityTypeHighIntensityIntervalTraining,35.87108513315518,min,2021-11-06 22:26:23 +0800,2021-11-06 21:50:30 +0800,2021-11-06 22:26:23 +0800
HKWorkoutActivityTypeSwimming,52.8684947013855,min,2021-11-07 08:42:45 +0800,2021-11-07 07:49:52 +0800,2021-11-07 08:42:44 +0800
HKWorkoutActivityTypeHighIntensityIntervalTraining,26.87437199950218,min,2021-11-08 08:48:07 +0800,2021-11-08 08:21:14 +0800,2021-11-08 08:48:07 +0800
HKWorkoutActivityTypeHighIntensityIntervalTraining,25.87325203220049,min,2021-11-09 08:49:07 +0800,2021-11-09 08:23:14 +0800,2021-11-09 08:49:06 +0800
HKWorkoutActivityTypeHighIntensityIntervalTraining,32.51864398320516,min,2021-11-13 22:15:44 +0800,2021-11-13 21:43:13 +0800,2021-11-13 22:15:44 +0800
HKWorkoutActivityTypeSwimming,52.8691636343797,min,2021-11-14 08:45:58 +0800,2021-11-14 07:53:06 +0800,2021-11-14 08:45:58 +0800
HKWorkoutActivityTypeHighIntensityIntervalTraining,25.87484489878019,min,2021-11-15 09:05:55 +0800,2021-11-15 08:40:02 +0800,2021-11-15 09:05:55 +0800
HKWorkoutActivityTypeHighIntensityIntervalTraining,28.89285424947739,min,2021-11-16 08:58:18 +0800,2021-11-16 08:29:24 +0800,2021-11-16 08:58:18 +0800
HKWorkoutActivityTypeHighIntensityIntervalTraining,25.87634988427162,min,2021-11-17 09:03:30 +0800,2021-11-17 08:37:37 +0800,2021-11-17 09:03:30 +0800
HKWorkoutActivityTypeHighIntensityIntervalTraining,28.95181395014127,min,2021-11-18 09:01:47 +0800,2021-11-18 08:32:49 +0800,2021-11-18 09:01:46 +0800
HKWorkoutActivityTypeWalking,90.59265971978506,min,2021-11-18 21:09:23 +0800,2021-11-18 19:37:27 +0800,2021-11-18 21:09:22 +0800
HKWorkoutActivityTypeSwimming,52.87198523481687,min,2021-11-21 08:38:22 +0800,2021-11-21 07:45:29 +0800,2021-11-21 08:38:22 +0800
HKWorkoutActivityTypeHighIntensityIntervalTraining,25.87538208166758,min,2021-11-22 09:05:05 +0800,2021-11-22 08:39:12 +0800,2021-11-22 09:05:05 +0800
HKWorkoutActivityTypeHighIntensityIntervalTraining,32.87922478318215,min,2021-11-23 09:09:14 +0800,2021-11-23 08:36:21 +0800,2021-11-23 09:09:14 +0800
HKWorkoutActivityTypeHighIntensityIntervalTraining,28.87906978527705,min,2021-11-24 09:05:13 +0800,2021-11-24 08:36:20 +0800,2021-11-24 09:05:13 +0800
HKWorkoutActivityTypeHighIntensityIntervalTraining,25.87030093471209,min,2021-11-25 08:50:49 +0800,2021-11-25 08:24:56 +0800,2021-11-25 08:50:48 +0800
HKWorkoutActivityTypeHighIntensityIntervalTraining,33.8732192993164,min,2021-11-27 22:24:07 +0800,2021-11-27 21:50:15 +0800,2021-11-27 22:24:07 +0800
HKWorkoutActivityTypeSwimming,52.86351986726125,min,2021-11-28 08:40:27 +0800,2021-11-28 07:47:35 +0800,2021-11-28 08:40:27 +0800
HKWorkoutActivityTypeHighIntensityIntervalTraining,28.95392254988353,min,2021-11-30 08:52:40 +0800,2021-11-30 08:23:42 +0800,2021-11-30 08:52:39 +0800
HKWorkoutActivityTypeHighIntensityIntervalTraining,25.88261838356654,min,2021-12-01 08:55:51 +0800,2021-12-01 08:29:58 +0800,2021-12-01 08:55:51 +0800
HKWorkoutActivityTypeHighIntensityIntervalTraining,28.87641660173734,min,2021-12-02 08:51:19 +0800,2021-12-02 08:22:26 +0800,2021-12-02 08:51:19 +0800
HKWorkoutActivityTypeHighIntensityIntervalTraining,25.88311761617661,min,2021-12-03 08:55:23 +0800,2021-12-03 08:29:29 +0800,2021-12-03 08:55:22 +0800
HKWorkoutActivityTypeSwimming,52.87351546684901,min,2021-12-05 08:39:52 +0800,2021-12-05 07:46:59 +0800,2021-12-05 08:39:51 +0800
HKWorkoutActivityTypeHighIntensityIntervalTraining,25.88661204973857,min,2021-12-06 09:02:56 +0800,2021-12-06 08:37:03 +0800,2021-12-06 09:02:56 +0800
HKWorkoutActivityTypeHighIntensityIntervalTraining,22.26638514995575,min,2021-12-07 23:12:44 +0800,2021-12-07 22:50:18 +0800,2021-12-07 23:12:44 +0800
HKWorkoutActivityTypeHighIntensityIntervalTraining,22.8811328013738,min,2021-12-08 09:11:17 +0800,2021-12-08 08:48:24 +0800,2021-12-08 09:11:17 +0800
HKWorkoutActivityTypeHighIntensityIntervalTraining,26.87285733222961,min,2021-12-10 09:04:56 +0800,2021-12-10 08:26:31 +0800,2021-12-10 09:04:56 +0800
HKWorkoutActivityTypeHighIntensityIntervalTraining,34.34453834891319,min,2021-12-11 22:13:25 +0800,2021-12-11 21:39:04 +0800,2021-12-11 22:13:24 +0800
HKWorkoutActivityTypeSwimming,55.86627866625786,min,2021-12-12 08:43:20 +0800,2021-12-12 07:47:27 +0800,2021-12-12 08:43:19 +0800
HKWorkoutActivityTypeHighIntensityIntervalTraining,31.91448100010554,min,2021-12-14 09:48:21 +0800,2021-12-14 08:25:36 +0800,2021-12-14 09:48:20 +0800
HKWorkoutActivityTypeHighIntensityIntervalTraining,27.88327106634776,min,2021-12-15 09:03:56 +0800,2021-12-15 08:36:03 +0800,2021-12-15 09:03:56 +0800
HKWorkoutActivityTypeHighIntensityIntervalTraining,25.87496645053228,min,2021-12-16 08:56:33 +0800,2021-12-16 08:30:40 +0800,2021-12-16 08:56:32 +0800
HKWorkoutActivityTypeHighIntensityIntervalTraining,26.88593549927076,min,2021-12-17 08:56:25 +0800,2021-12-17 08:29:31 +0800,2021-12-17 08:56:24 +0800
HKWorkoutActivityTypeSwimming,52.87283174991607,min,2021-12-19 08:39:23 +0800,2021-12-19 07:46:30 +0800,2021-12-19 08:39:23 +0800
HKWorkoutActivityTypeHighIntensityIntervalTraining,26.87288355032603,min,2021-12-20 22:51:40 +0800,2021-12-20 22:24:47 +0800,2021-12-20 22:51:39 +0800
HKWorkoutActivityTypeHighIntensityIntervalTraining,28.89022069970767,min,2021-12-22 09:18:59 +0800,2021-12-22 08:50:05 +0800,2021-12-22 09:18:58 +0800
HKWorkoutActivityTypeHighIntensityIntervalTraining,25.8803389330705,min,2021-12-23 08:50:29 +0800,2021-12-23 08:24:36 +0800,2021-12-23 08:50:29 +0800
HKWorkoutActivityTypeSwimming,52.86969631711642,min,2021-12-26 08:44:24 +0800,2021-12-26 07:51:32 +0800,2021-12-26 08:44:24 +0800
HKWorkoutActivityTypeHighIntensityIntervalTraining,25.87231418291728,min,2021-12-27 08:58:42 +0800,2021-12-27 08:32:50 +0800,2021-12-27 08:58:42 +0800
HKWorkoutActivityTypeHighIntensityIntervalTraining,36.87677590052287,min,2021-12-28 09:12:01 +0800,2021-12-28 08:35:08 +0800,2021-12-28 09:12:01 +0800
HKWorkoutActivityTypeHighIntensityIntervalTraining,26.88012799819311,min,2021-12-29 08:57:56 +0800,2021-12-29 08:31:02 +0800,2021-12-29 08:57:55 +0800
HKWorkoutActivityTypeWalking,92.72225889960924,min,2022-01-02 17:51:52 +0800,2022-01-02 16:19:07 +0800,2022-01-02 17:51:51 +0800
HKWorkoutActivityTypeHighIntensityIntervalTraining,25.8836788157622,min,2022-01-02 22:06:23 +0800,2022-01-02 21:40:30 +0800,2022-01-02 22:06:23 +0800
HKWorkoutActivityTypeHighIntensityIntervalTraining,26.90487179954847,min,2022-01-11 09:14:41 +0800,2022-01-11 08:47:46 +0800,2022-01-11 09:14:41 +0800
HKWorkoutActivityTypeHighIntensityIntervalTraining,25.87526256839434,min,2022-01-13 09:26:43 +0800,2022-01-13 09:00:50 +0800,2022-01-13 09:26:42 +0800
HKWorkoutActivityTypeHighIntensityIntervalTraining,28.31660469969114,min,2022-01-14 08:48:07 +0800,2022-01-14 08:19:47 +0800,2022-01-14 08:48:06 +0800
HKWorkoutActivityTypeSwimming,52.87705653508504,min,2022-01-15 08:39:05 +0800,2022-01-15 07:46:12 +0800,2022-01-15 08:39:05 +0800
HKWorkoutActivityTypeHighIntensityIntervalTraining,32.87736348311106,min,2022-01-16 22:11:07 +0800,2022-01-16 21:38:14 +0800,2022-01-16 22:11:07 +0800
HKWorkoutActivityTypeHighIntensityIntervalTraining,28.96632213393847,min,2022-01-18 08:59:36 +0800,2022-01-18 08:30:37 +0800,2022-01-18 08:59:35 +0800
HKWorkoutActivityTypeHighIntensityIntervalTraining,30.88340081572533,min,2022-01-19 08:51:29 +0800,2022-01-19 08:20:35 +0800,2022-01-19 08:51:28 +0800
HKWorkoutActivityTypeHighIntensityIntervalTraining,25.87710963288943,min,2022-01-20 09:03:17 +0800,2022-01-20 08:37:24 +0800,2022-01-20 09:03:17 +0800
HKWorkoutActivityTypeSwimming,55.87021235028903,min,2022-01-22 08:51:40 +0800,2022-01-22 07:55:47 +0800,2022-01-22 08:51:39 +0800
HKWorkoutActivityTypeHighIntensityIntervalTraining,25.87657196720441,min,2022-01-23 09:02:48 +0800,2022-01-23 08:36:55 +0800,2022-01-23 09:02:47 +0800
HKWorkoutActivityTypeHighIntensityIntervalTraining,25.87464799880981,min,2022-01-24 08:52:06 +0800,2022-01-24 08:26:13 +0800,2022-01-24 08:52:05 +0800
HKWorkoutActivityTypeHighIntensityIntervalTraining,28.87458505034447,min,2022-01-25 08:56:39 +0800,2022-01-25 08:27:46 +0800,2022-01-25 08:56:38 +0800
HKWorkoutActivityTypeHighIntensityIntervalTraining,2.000781850020091,min,2022-01-25 16:18:45 +0800,2022-01-25 16:16:44 +0800,2022-01-25 16:18:44 +0800
HKWorkoutActivityTypeHighIntensityIntervalTraining,25.87571014960607,min,2022-01-26 08:54:18 +0800,2022-01-26 08:28:25 +0800,2022-01-26 08:54:18 +0800
HKWorkoutActivityTypeHighIntensityIntervalTraining,32.8714459836483,min,2022-02-06 22:18:19 +0800,2022-02-06 21:45:26 +0800,2022-02-06 22:18:18 +0800
HKWorkoutActivityTypeHighIntensityIntervalTraining,35.87317596673965,min,2022-02-07 22:54:10 +0800,2022-02-07 22:18:17 +0800,2022-02-07 22:54:10 +0800
HKWorkoutActivityTypeHighIntensityIntervalTraining,32.86999268333117,min,2022-02-08 22:10:59 +0800,2022-02-08 21:38:06 +0800,2022-02-08 22:10:58 +0800
HKWorkoutActivityTypeHighIntensityIntervalTraining,35.87478285034498,min,2022-02-09 22:29:00 +0800,2022-02-09 21:53:07 +0800,2022-02-09 22:28:59 +0800
HKWorkoutActivityTypeHighIntensityIntervalTraining,32.86988739967346,min,2022-02-10 22:19:46 +0800,2022-02-10 21:46:53 +0800,2022-02-10 22:19:45 +0800
HKWorkoutActivityTypeSwimming,55.87614924907685,min,2022-02-13 08:45:22 +0800,2022-02-13 07:49:29 +0800,2022-02-13 08:45:21 +0800
HKWorkoutActivityTypeHighIntensityIntervalTraining,25.87169244885445,min,2022-02-14 08:50:31 +0800,2022-02-14 08:10:11 +0800,2022-02-14 08:50:30 +0800
HKWorkoutActivityTypeHighIntensityIntervalTraining,26.8775594830513,min,2022-02-15 08:29:35 +0800,2022-02-15 08:02:42 +0800,2022-02-15 08:29:34 +0800
HKWorkoutActivityTypeHighIntensityIntervalTraining,25.87283408443133,min,2022-02-17 09:12:54 +0800,2022-02-17 08:47:01 +0800,2022-02-17 09:12:53 +0800
HKWorkoutActivityTypeSwimming,55.86805606683095,min,2022-02-19 08:46:52 +0800,2022-02-19 07:50:59 +0800,2022-02-19 08:46:51 +0800
HKWorkoutActivityTypeHighIntensityIntervalTraining,38.88072050015132,min,2022-02-20 22:41:06 +0800,2022-02-20 22:02:13 +0800,2022-02-20 22:41:06 +0800
HKWorkoutActivityTypeHighIntensityIntervalTraining,36.89054143428802,min,2022-02-22 22:40:30 +0800,2022-02-22 22:03:36 +0800,2022-02-22 22:40:30 +0800
HKWorkoutActivityTypeHighIntensityIntervalTraining,26.86596148212751,min,2022-02-24 09:00:52 +0800,2022-02-24 08:33:59 +0800,2022-02-24 09:00:51 +0800
HKWorkoutActivityTypeHighIntensityIntervalTraining,32.87982141772906,min,2022-02-25 22:21:57 +0800,2022-02-25 21:49:03 +0800,2022-02-25 22:21:56 +0800
HKWorkoutActivityTypeHighIntensityIntervalTraining,33.87105026841164,min,2022-02-27 22:18:44 +0800,2022-02-27 21:44:51 +0800,2022-02-27 22:18:44 +0800
HKWorkoutActivityTypeHighIntensityIntervalTraining,35.88043766617775,min,2022-02-28 22:20:50 +0800,2022-02-28 21:44:57 +0800,2022-02-28 22:20:50 +0800
HKWorkoutActivityTypeHighIntensityIntervalTraining,36.8748074332873,min,2022-03-01 22:15:39 +0800,2022-03-01 21:38:46 +0800,2022-03-01 22:15:39 +0800
HKWorkoutActivityTypeHighIntensityIntervalTraining,35.87180766661962,min,2022-03-02 22:25:23 +0800,2022-03-02 21:49:30 +0800,2022-03-02 22:25:23 +0800
HKWorkoutActivityTypeHighIntensityIntervalTraining,25.95603575110436,min,2022-03-03 23:13:18 +0800,2022-03-03 22:47:20 +0800,2022-03-03 23:13:17 +0800
HKWorkoutActivityTypeHighIntensityIntervalTraining,32.87351236740748,min,2022-03-04 22:15:53 +0800,2022-03-04 21:43:00 +0800,2022-03-04 22:15:52 +0800
HKWorkoutActivityTypeHighIntensityIntervalTraining,20.87154674927394,min,2022-03-06 22:15:05 +0800,2022-03-06 21:54:12 +0800,2022-03-06 22:15:04 +0800
HKWorkoutActivityTypeHighIntensityIntervalTraining,39.6652737001578,min,2022-03-07 22:12:24 +0800,2022-03-07 21:32:43 +0800,2022-03-07 22:12:23 +0800
HKWorkoutActivityTypeHighIntensityIntervalTraining,38.8818012992541,min,2022-03-10 22:28:42 +0800,2022-03-10 21:49:49 +0800,2022-03-10 22:28:42 +0800
HKWorkoutActivityTypeHighIntensityIntervalTraining,36.87173191706339,min,2022-03-11 22:13:10 +0800,2022-03-11 21:36:18 +0800,2022-03-11 22:13:10 +0800
HKWorkoutActivityTypeHighIntensityIntervalTraining,32.86143588225047,min,2022-03-12 22:03:57 +0800,2022-03-12 21:31:05 +0800,2022-03-12 22:03:56 +0800
HKWorkoutActivityTypeHighIntensityIntervalTraining,38.87905716697375,min,2022-03-13 21:59:36 +0800,2022-03-13 21:20:42 +0800,2022-03-13 21:59:35 +0800
HKWorkoutActivityTypeHighIntensityIntervalTraining,32.87390416661898,min,2022-03-15 21:42:32 +0800,2022-03-15 21:09:39 +0800,2022-03-15 21:42:31 +0800
HKWorkoutActivityTypeHighIntensityIntervalTraining,43.43238361676534,min,2022-03-17 12:50:55 +0800,2022-03-16 21:18:46 +0800,2022-03-17 12:50:54 +0800
HKWorkoutActivityTypeHighIntensityIntervalTraining,32.87683633168538,min,2022-03-17 21:57:46 +0800,2022-03-17 21:24:53 +0800,2022-03-17 21:57:46 +0800
HKWorkoutActivityTypeHighIntensityIntervalTraining,32.87458548347156,min,2022-03-18 21:57:19 +0800,2022-03-18 21:24:26 +0800,2022-03-18 21:57:18 +0800
HKWorkoutActivityTypeHighIntensityIntervalTraining,35.88330756823222,min,2022-03-19 22:11:21 +0800,2022-03-19 21:35:27 +0800,2022-03-19 22:11:20 +0800
HKWorkoutActivityTypeHighIntensityIntervalTraining,32.87440341512362,min,2022-03-20 22:06:59 +0800,2022-03-20 21:34:06 +0800,2022-03-20 22:06:59 +0800
HKWorkoutActivityTypeHighIntensityIntervalTraining,32.87835451563199,min,2022-03-21 21:59:12 +0800,2022-03-21 21:26:19 +0800,2022-03-21 21:59:12 +0800
HKWorkoutActivityTypeHighIntensityIntervalTraining,32.87516403396924,min,2022-03-22 22:02:51 +0800,2022-03-22 21:29:58 +0800,2022-03-22 22:02:51 +0800
HKWorkoutActivityTypeHighIntensityIntervalTraining,32.87163398464521,min,2022-03-24 22:12:51 +0800,2022-03-24 21:39:58 +0800,2022-03-24 22:12:50 +0800
HKWorkoutActivityTypeHighIntensityIntervalTraining,32.87836566567421,min,2022-03-25 22:09:59 +0800,2022-03-25 21:37:06 +0800,2022-03-25 22:09:59 +0800
HKWorkoutActivityTypeHighIntensityIntervalTraining,32.87599186499914,min,2022-03-27 21:56:02 +0800,2022-03-27 21:23:09 +0800,2022-03-27 21:56:01 +0800
HKWorkoutActivityTypeHighIntensityIntervalTraining,35.87716801563899,min,2022-03-28 22:13:46 +0800,2022-03-28 21:37:53 +0800,2022-03-28 22:13:46 +0800
HKWorkoutActivityTypeHighIntensityIntervalTraining,25.02771386702856,min,2022-03-29 18:07:58 +0800,2022-03-29 17:42:56 +0800,2022-03-29 18:07:57 +0800
HKWorkoutActivityTypeHighIntensityIntervalTraining,35.87243716716766,min,2022-03-30 22:12:32 +0800,2022-03-30 21:36:39 +0800,2022-03-30 22:12:31 +0800
HKWorkoutActivityTypeHighIntensityIntervalTraining,30.87879539926847,min,2022-04-02 22:18:57 +0800,2022-04-02 21:48:04 +0800,2022-04-02 22:18:56 +0800
HKWorkoutActivityTypeHighIntensityIntervalTraining,36.02116085092226,min,2022-04-04 22:24:56 +0800,2022-04-04 21:48:54 +0800,2022-04-04 22:24:56 +0800
HKWorkoutActivityTypeHighIntensityIntervalTraining,25.88173451622327,min,2022-04-06 08:49:06 +0800,2022-04-06 08:23:12 +0800,2022-04-06 08:49:05 +0800
HKWorkoutActivityTypeHighIntensityIntervalTraining,25.88426671624184,min,2022-04-07 08:56:57 +0800,2022-04-07 08:31:03 +0800,2022-04-07 08:56:56 +0800
HKWorkoutActivityTypeHighIntensityIntervalTraining,25.87500740091006,min,2022-04-08 08:59:30 +0800,2022-04-08 08:33:37 +0800,2022-04-08 08:59:29 +0800
HKWorkoutActivityTypeHighIntensityIntervalTraining,33.87512346704801,min,2022-04-10 22:05:25 +0800,2022-04-10 21:31:32 +0800,2022-04-10 22:05:24 +0800
HKWorkoutActivityTypeSoccer,76.01808730165163,min,2022-04-11 20:28:21 +0800,2022-04-11 19:02:00 +0800,2022-04-11 20:28:21 +0800
HKWorkoutActivityTypeHighIntensityIntervalTraining,59.4932803829511,min,2022-04-12 22:46:17 +0800,2022-04-12 21:46:47 +0800,2022-04-12 22:46:17 +0800
HKWorkoutActivityTypeHighIntensityIntervalTraining,25.88424891630808,min,2022-04-14 09:03:01 +0800,2022-04-14 08:37:07 +0800,2022-04-14 09:03:00 +0800
HKWorkoutActivityTypeHighIntensityIntervalTraining,30.89744434952736,min,2022-04-16 22:00:16 +0800,2022-04-16 21:29:22 +0800,2022-04-16 22:00:16 +0800
HKWorkoutActivityTypeSwimming,52.8794237156709,min,2022-04-17 08:42:32 +0800,2022-04-17 07:49:39 +0800,2022-04-17 08:42:32 +0800
HKWorkoutActivityTypeHighIntensityIntervalTraining,30.88243435025215,min,2022-04-18 22:54:47 +0800,2022-04-18 22:23:53 +0800,2022-04-18 22:54:46 +0800
HKWorkoutActivityTypeHighIntensityIntervalTraining,28.87440588474274,min,2022-04-19 22:20:59 +0800,2022-04-19 21:52:06 +0800,2022-04-19 22:20:59 +0800
HKWorkoutActivityTypeHighIntensityIntervalTraining,25.93604130148888,min,2022-04-20 22:16:41 +0800,2022-04-20 21:48:25 +0800,2022-04-20 22:16:40 +0800
HKWorkoutActivityTypeHighIntensityIntervalTraining,50.95455066561699,min,2022-04-21 17:34:40 +0800,2022-04-21 16:43:42 +0800,2022-04-21 17:34:39 +0800
HKWorkoutActivityTypeHighIntensityIntervalTraining,25.87931325038274,min,2022-04-24 09:12:06 +0800,2022-04-24 08:46:13 +0800,2022-04-24 09:12:06 +0800
HKWorkoutActivityTypeHighIntensityIntervalTraining,26.87206793228785,min,2022-04-25 08:37:11 +0800,2022-04-25 08:10:18 +0800,2022-04-25 08:37:10 +0800
HKWorkoutActivityTypeHighIntensityIntervalTraining,25.87502294977506,min,2022-04-27 08:52:15 +0800,2022-04-27 08:26:22 +0800,2022-04-27 08:52:14 +0800
HKWorkoutActivityTypeHighIntensityIntervalTraining,28.88604966600736,min,2022-04-28 08:50:48 +0800,2022-04-28 08:21:55 +0800,2022-04-28 08:50:48 +0800
HKWorkoutActivityTypeHighIntensityIntervalTraining,25.88317234913508,min,2022-04-29 09:30:40 +0800,2022-04-29 09:04:47 +0800,2022-04-29 09:30:39 +0800
HKWorkoutActivityTypeHighIntensityIntervalTraining,32.88238786657652,min,2022-04-30 22:13:53 +0800,2022-04-30 21:41:00 +0800,2022-04-30 22:13:53 +0800
HKWorkoutActivityTypeHighIntensityIntervalTraining,35.87523483236631,min,2022-05-01 22:16:39 +0800,2022-05-01 21:40:46 +0800,2022-05-01 22:16:39 +0800
HKWorkoutActivityTypeHighIntensityIntervalTraining,30.87837518453598,min,2022-05-02 22:14:54 +0800,2022-05-02 21:44:01 +0800,2022-05-02 22:14:54 +0800
HKWorkoutActivityTypeHighIntensityIntervalTraining,32.9325081328551,min,2022-05-04 22:11:57 +0800,2022-05-04 21:39:01 +0800,2022-05-04 22:11:57 +0800
HKWorkoutActivityTypeHighIntensityIntervalTraining,33.87937509814898,min,2022-05-05 22:06:33 +0800,2022-05-05 21:32:39 +0800,2022-05-05 22:06:32 +0800
HKWorkoutActivityTypeHighIntensityIntervalTraining,33.88097943266233,min,2022-05-06 22:09:33 +0800,2022-05-06 21:35:40 +0800,2022-05-06 22:09:33 +0800
HKWorkoutActivityTypeHighIntensityIntervalTraining,33.87611345052719,min,2022-05-07 22:03:48 +0800,2022-05-07 21:29:55 +0800,2022-05-07 22:03:47 +0800
HKWorkoutActivityTypeSwimming,52.89725365042686,min,2022-05-08 08:36:37 +0800,2022-05-08 07:43:43 +0800,2022-05-08 08:36:36 +0800
HKWorkoutActivityTypeSoccer,92.87390198310216,min,2022-05-09 20:45:18 +0800,2022-05-09 19:12:24 +0800,2022-05-09 20:45:17 +0800
HKWorkoutActivityTypeHighIntensityIntervalTraining,32.87641075054805,min,2022-05-10 22:57:02 +0800,2022-05-10 22:24:09 +0800,2022-05-10 22:57:01 +0800
HKWorkoutActivityTypeHighIntensityIntervalTraining,30.8781317015489,min,2022-05-11 22:22:20 +0800,2022-05-11 21:51:26 +0800,2022-05-11 22:22:19 +0800
HKWorkoutActivityTypeHighIntensityIntervalTraining,29.87867340048154,min,2022-05-12 10:16:19 +0800,2022-05-12 09:46:26 +0800,2022-05-12 10:16:19 +0800
HKWorkoutActivityTypeHighIntensityIntervalTraining,35.8764114677906,min,2022-05-13 22:16:45 +0800,2022-05-13 21:40:52 +0800,2022-05-13 22:16:44 +0800
HKWorkoutActivityTypeSwimming,52.87509010036786,min,2022-05-15 08:45:16 +0800,2022-05-15 07:52:23 +0800,2022-05-15 08:45:16 +0800
HKWorkoutActivityTypeWalking,50.97490644852321,min,2022-05-18 14:12:53 +0800,2022-05-18 13:21:54 +0800,2022-05-18 14:12:52 +0800
HKWorkoutActivityTypeHighIntensityIntervalTraining,28.87558263341586,min,2022-05-19 08:58:42 +0800,2022-05-19 08:29:49 +0800,2022-05-19 08:58:42 +0800
HKWorkoutActivityTypeHighIntensityIntervalTraining,35.87256916761398,min,2022-05-21 22:15:57 +0800,2022-05-21 21:40:05 +0800,2022-05-21 22:15:57 +0800
HKWorkoutActivityTypeSwimming,52.86878235141436,min,2022-05-22 08:43:10 +0800,2022-05-22 07:50:18 +0800,2022-05-22 08:43:10 +0800
HKWorkoutActivityTypeSoccer,66.8761458158493,min,2022-05-23 20:36:51 +0800,2022-05-23 19:05:09 +0800,2022-05-23 20:36:50 +0800
HKWorkoutActivityTypeHighIntensityIntervalTraining,13.30525068442027,min,2022-05-27 08:43:33 +0800,2022-05-27 08:30:11 +0800,2022-05-27 08:43:32 +0800
HKWorkoutActivityTypeHighIntensityIntervalTraining,11.95349161624909,min,2022-05-27 08:56:16 +0800,2022-05-27 08:44:19 +0800,2022-05-27 08:56:16 +0800
HKWorkoutActivityTypeHighIntensityIntervalTraining,36.87856970032056,min,2022-05-28 22:25:18 +0800,2022-05-28 21:48:25 +0800,2022-05-28 22:25:17 +0800
HKWorkoutActivityTypeSwimming,52.86930631597837,min,2022-05-29 08:46:16 +0800,2022-05-29 07:53:24 +0800,2022-05-29 08:46:16 +0800
HKWorkoutActivityTypeHighIntensityIntervalTraining,28.87634361584981,min,2022-05-30 08:28:22 +0800,2022-05-30 07:59:29 +0800,2022-05-30 08:28:21 +0800
HKWorkoutActivityTypeHighIntensityIntervalTraining,25.87510913411776,min,2022-05-31 08:56:14 +0800,2022-05-31 08:30:21 +0800,2022-05-31 08:56:13 +0800
HKWorkoutActivityTypeHighIntensityIntervalTraining,25.87614425023397,min,2022-06-01 08:49:08 +0800,2022-06-01 08:23:15 +0800,2022-06-01 08:49:07 +0800
HKWorkoutActivityTypeHighIntensityIntervalTraining,28.88415238261223,min,2022-06-02 08:58:32 +0800,2022-06-02 08:29:38 +0800,2022-06-02 08:58:31 +0800
HKWorkoutActivityTypeHighIntensityIntervalTraining,32.87462643186252,min,2022-06-03 22:17:14 +0800,2022-06-03 21:44:21 +0800,2022-06-03 22:17:13 +0800
HKWorkoutActivityTypeSwimming,52.88777533372243,min,2022-06-05 08:42:13 +0800,2022-06-05 07:49:19 +0800,2022-06-05 08:42:12 +0800
HKWorkoutActivityTypeSoccer,90.87672215104104,min,2022-06-06 20:31:31 +0800,2022-06-06 19:00:37 +0800,2022-06-06 20:31:30 +0800
HKWorkoutActivityTypeHighIntensityIntervalTraining,28.87949263453483,min,2022-06-07 09:12:09 +0800,2022-06-07 08:43:16 +0800,2022-06-07 09:12:09 +0800
HKWorkoutActivityTypeHighIntensityIntervalTraining,36.94639005064964,min,2022-06-08 22:16:05 +0800,2022-06-08 21:39:08 +0800,2022-06-08 22:16:05 +0800
HKWorkoutActivityTypeHighIntensityIntervalTraining,25.87789695064227,min,2022-06-09 08:43:30 +0800,2022-06-09 08:17:36 +0800,2022-06-09 08:43:29 +0800
HKWorkoutActivityTypeHighIntensityIntervalTraining,25.87419360081355,min,2022-06-10 08:46:33 +0800,2022-06-10 08:20:40 +0800,2022-06-10 08:46:32 +0800
HKWorkoutActivityTypeHighIntensityIntervalTraining,32.87515921791395,min,2022-06-11 21:59:59 +0800,2022-06-11 21:27:06 +0800,2022-06-11 21:59:58 +0800
HKWorkoutActivityTypeSwimming,52.87352996667226,min,2022-06-12 08:41:29 +0800,2022-06-12 07:48:36 +0800,2022-06-12 08:41:29 +0800
HKWorkoutActivityTypeHighIntensityIntervalTraining,25.87725229859352,min,2022-06-13 08:57:29 +0800,2022-06-13 08:31:36 +0800,2022-06-13 08:57:29 +0800
HKWorkoutActivityTypeHighIntensityIntervalTraining,25.87713806629181,min,2022-06-14 08:49:22 +0800,2022-06-14 08:23:29 +0800,2022-06-14 08:49:21 +0800
HKWorkoutActivityTypeHighIntensityIntervalTraining,26.87274051705996,min,2022-06-15 09:01:03 +0800,2022-06-15 08:26:23 +0800,2022-06-15 09:01:02 +0800
HKWorkoutActivityTypeHighIntensityIntervalTraining,25.87623561819395,min,2022-06-16 08:54:48 +0800,2022-06-16 08:28:55 +0800,2022-06-16 08:54:48 +0800
HKWorkoutActivityTypeSwimming,52.8761700173219,min,2022-06-18 10:29:55 +0800,2022-06-18 09:37:02 +0800,2022-06-18 10:29:54 +0800
HKWorkoutActivityTypeSwimming,52.91187916596731,min,2022-06-19 08:44:02 +0800,2022-06-19 07:48:25 +0800,2022-06-19 08:44:01 +0800
HKWorkoutActivityTypeSoccer,150.4192734320958,min,2022-06-20 21:28:22 +0800,2022-06-20 18:57:55 +0800,2022-06-20 21:28:21 +0800
HKWorkoutActivityTypeHighIntensityIntervalTraining,29.87894333402316,min,2022-06-21 09:27:29 +0800,2022-06-21 08:57:36 +0800,2022-06-21 09:27:28 +0800
HKWorkoutActivityTypeHighIntensityIntervalTraining,25.87569793462753,min,2022-06-24 08:47:05 +0800,2022-06-24 08:21:12 +0800,2022-06-24 08:47:04 +0800
HKWorkoutActivityTypeHighIntensityIntervalTraining,32.87644871671994,min,2022-06-25 22:20:48 +0800,2022-06-25 21:47:55 +0800,2022-06-25 22:20:48 +0800
HKWorkoutActivityTypeSwimming,52.96329623262088,min,2022-06-26 08:41:44 +0800,2022-06-26 07:48:46 +0800,2022-06-26 08:41:43 +0800
HKWorkoutActivityTypeHighIntensityIntervalTraining,25.88255311648051,min,2022-06-27 09:04:05 +0800,2022-06-27 08:38:12 +0800,2022-06-27 09:04:05 +0800
HKWorkoutActivityTypeHighIntensityIntervalTraining,25.87928306659063,min,2022-06-28 08:57:35 +0800,2022-06-28 08:31:42 +0800,2022-06-28 08:57:35 +0800
HKWorkoutActivityTypeHighIntensityIntervalTraining,25.87816156744957,min,2022-06-30 08:55:11 +0800,2022-06-30 08:29:18 +0800,2022-06-30 08:55:11 +0800
HKWorkoutActivityTypeHighIntensityIntervalTraining,25.87568093339602,min,2022-07-01 08:44:04 +0800,2022-07-01 08:18:11 +0800,2022-07-01 08:44:04 +0800
HKWorkoutActivityTypeSwimming,52.87135126590729,min,2022-07-03 08:43:09 +0800,2022-07-03 07:50:16 +0800,2022-07-03 08:43:08 +0800
HKWorkoutActivityTypeSoccer,101.0365656514962,min,2022-07-04 20:43:23 +0800,2022-07-04 19:02:20 +0800,2022-07-04 20:43:22 +0800
HKWorkoutActivityTypeHighIntensityIntervalTraining,32.87803731560707,min,2022-07-05 22:29:22 +0800,2022-07-05 21:56:29 +0800,2022-07-05 22:29:21 +0800
HKWorkoutActivityTypeHighIntensityIntervalTraining,25.87359706759453,min,2022-07-07 08:48:53 +0800,2022-07-07 08:23:00 +0800,2022-07-07 08:48:53 +0800
HKWorkoutActivityTypeHighIntensityIntervalTraining,28.87949515183767,min,2022-07-08 08:59:20 +0800,2022-07-08 08:30:26 +0800,2022-07-08 08:59:19 +0800
HKWorkoutActivityTypeSwimming,70.94942850073178,min,2022-07-09 18:39:30 +0800,2022-07-09 17:28:32 +0800,2022-07-09 18:39:29 +0800
HKWorkoutActivityTypeSwimming,52.87602406541507,min,2022-07-10 08:47:56 +0800,2022-07-10 07:55:03 +0800,2022-07-10 08:47:55 +0800
HKWorkoutActivityTypeSwimming,69.06740433176358,min,2022-07-10 18:30:10 +0800,2022-07-10 17:21:05 +0800,2022-07-10 18:30:09 +0800
HKWorkoutActivityTypeHighIntensityIntervalTraining,25.87847248315811,min,2022-07-11 08:43:26 +0800,2022-07-11 08:17:33 +0800,2022-07-11 08:43:26 +0800
HKWorkoutActivityTypeHighIntensityIntervalTraining,25.87499299844106,min,2022-07-12 08:41:47 +0800,2022-07-12 08:15:54 +0800,2022-07-12 08:41:46 +0800
HKWorkoutActivityTypeHighIntensityIntervalTraining,22.88576528429985,min,2022-07-13 22:22:59 +0800,2022-07-13 22:00:06 +0800,2022-07-13 22:22:59 +0800
HKWorkoutActivityTypeHighIntensityIntervalTraining,20.87456991672516,min,2022-07-14 21:56:07 +0800,2022-07-14 21:35:14 +0800,2022-07-14 21:56:07 +0800
HKWorkoutActivityTypeHighIntensityIntervalTraining,32.87818113366763,min,2022-07-15 22:01:40 +0800,2022-07-15 21:28:47 +0800,2022-07-15 22:01:39 +0800
HKWorkoutActivityTypeHighIntensityIntervalTraining,30.87158275047938,min,2022-07-16 22:00:28 +0800,2022-07-16 21:29:35 +0800,2022-07-16 22:00:27 +0800
HKWorkoutActivityTypeHighIntensityIntervalTraining,32.87069803277652,min,2022-07-18 22:06:21 +0800,2022-07-18 21:33:28 +0800,2022-07-18 22:06:21 +0800
HKWorkoutActivityTypeHighIntensityIntervalTraining,25.87426776687304,min,2022-07-19 22:11:14 +0800,2022-07-19 21:45:22 +0800,2022-07-19 22:11:14 +0800
HKWorkoutActivityTypeHighIntensityIntervalTraining,25.87481398383776,min,2022-07-20 09:05:48 +0800,2022-07-20 08:39:55 +0800,2022-07-20 09:05:47 +0800
HKWorkoutActivityTypeSwimming,1.617912050088247,min,2022-07-20 17:40:28 +0800,2022-07-20 17:38:50 +0800,2022-07-20 17:40:27 +0800
HKWorkoutActivityTypeHighIntensityIntervalTraining,28.8759886821111,min,2022-07-22 09:09:58 +0800,2022-07-22 08:41:05 +0800,2022-07-22 09:09:58 +0800
HKWorkoutActivityTypeHighIntensityIntervalTraining,33.95068555076917,min,2022-07-23 22:22:03 +0800,2022-07-23 21:48:06 +0800,2022-07-23 22:22:03 +0800
HKWorkoutActivityTypeHighIntensityIntervalTraining,25.87552419900894,min,2022-07-25 09:03:38 +0800,2022-07-25 08:37:45 +0800,2022-07-25 09:03:37 +0800
HKWorkoutActivityTypeHighIntensityIntervalTraining,25.88523683349291,min,2022-07-29 08:34:01 +0800,2022-07-29 08:08:07 +0800,2022-07-29 08:34:00 +0800
HKWorkoutActivityTypeHighIntensityIntervalTraining,25.8739640990893,min,2022-07-30 22:12:55 +0800,2022-07-30 21:47:02 +0800,2022-07-30 22:12:54 +0800
HKWorkoutActivityTypeHighIntensityIntervalTraining,1.449967084328333,min,2022-07-31 17:45:33 +0800,2022-07-31 17:44:06 +0800,2022-07-31 17:45:33 +0800
HKWorkoutActivityTypeHighIntensityIntervalTraining,25.8704133828481,min,2022-08-01 08:58:14 +0800,2022-08-01 08:32:22 +0800,2022-08-01 08:58:14 +0800
HKWorkoutActivityTypeHighIntensityIntervalTraining,1.873782118161519,min,2022-08-01 20:38:35 +0800,2022-08-01 20:36:42 +0800,2022-08-01 20:38:34 +0800
HKWorkoutActivityTypeHighIntensityIntervalTraining,25.87371753454208,min,2022-08-02 08:45:44 +0800,2022-08-02 08:19:51 +0800,2022-08-02 08:45:43 +0800
HKWorkoutActivityTypeHighIntensityIntervalTraining,28.87947013378143,min,2022-08-03 08:47:40 +0800,2022-08-03 08:18:47 +0800,2022-08-03 08:47:40 +0800
HKWorkoutActivityTypeHighIntensityIntervalTraining,25.87817521691322,min,2022-08-10 08:39:50 +0800,2022-08-10 08:13:57 +0800,2022-08-10 08:39:49 +0800
HKWorkoutActivityTypeHighIntensityIntervalTraining,26.88431425094604,min,2022-08-11 22:30:37 +0800,2022-08-11 22:03:43 +0800,2022-08-11 22:30:36 +0800
HKWorkoutActivityTypeHighIntensityIntervalTraining,25.87231979966164,min,2022-08-12 08:47:00 +0800,2022-08-12 08:21:07 +0800,2022-08-12 08:46:59 +0800
HKWorkoutActivityTypeHighIntensityIntervalTraining,32.88549810051918,min,2022-08-14 22:40:50 +0800,2022-08-14 22:07:56 +0800,2022-08-14 22:40:50 +0800
HKWorkoutActivityTypeSoccer,88.87337351640066,min,2022-08-15 20:31:45 +0800,2022-08-15 19:02:52 +0800,2022-08-15 20:31:44 +0800
HKWorkoutActivityTypeHighIntensityIntervalTraining,28.96754001776377,min,2022-08-16 08:52:17 +0800,2022-08-16 08:23:18 +0800,2022-08-16 08:52:16 +0800
HKWorkoutActivityTypeHighIntensityIntervalTraining,25.87278411587079,min,2022-08-17 08:51:47 +0800,2022-08-17 08:25:54 +0800,2022-08-17 08:51:47 +0800
HKWorkoutActivityTypeSoccer,3.873294599850972,min,2022-08-17 21:59:50 +0800,2022-08-17 21:55:58 +0800,2022-08-17 21:59:50 +0800
HKWorkoutActivityTypeWalking,39.69236224492391,min,2022-08-19 14:34:06 +0800,2022-08-19 13:54:23 +0800,2022-08-19 14:34:05 +0800
HKWorkoutActivityTypeWalking,48.86170623699824,min,2022-08-20 00:20:53 +0800,2022-08-19 23:32:01 +0800,2022-08-20 00:20:53 +0800
HKWorkoutActivityTypeSwimming,52.87384826739629,min,2022-08-21 08:48:43 +0800,2022-08-21 07:55:49 +0800,2022-08-21 08:48:42 +0800
HKWorkoutActivityTypeHighIntensityIntervalTraining,30.93554973403613,min,2022-08-22 22:32:26 +0800,2022-08-22 22:01:26 +0800,2022-08-22 22:32:26 +0800
HKWorkoutActivityTypeHighIntensityIntervalTraining,25.87370581626892,min,2022-08-24 08:53:39 +0800,2022-08-24 08:27:46 +0800,2022-08-24 08:53:38 +0800
HKWorkoutActivityTypeHighIntensityIntervalTraining,25.86916596690814,min,2022-08-25 22:17:30 +0800,2022-08-25 21:51:37 +0800,2022-08-25 22:17:29 +0800
HKWorkoutActivityTypeHighIntensityIntervalTraining,25.8755076666673,min,2022-08-26 08:59:00 +0800,2022-08-26 08:33:07 +0800,2022-08-26 08:59:00 +0800
HKWorkoutActivityTypeWalking,36.40824511448542,min,2022-08-27 16:15:38 +0800,2022-08-26 22:10:22 +0800,2022-08-27 16:15:38 +0800
HKWorkoutActivityTypeSwimming,69.86997816562652,min,2022-08-27 17:30:42 +0800,2022-08-27 16:20:49 +0800,2022-08-27 17:30:41 +0800
HKWorkoutActivityTypeSwimming,52.86591546734174,min,2022-08-28 08:42:06 +0800,2022-08-28 07:49:13 +0800,2022-08-28 08:42:05 +0800
HKWorkoutActivityTypeSwimming,59.8761796494325,min,2022-08-28 17:55:21 +0800,2022-08-28 16:55:28 +0800,2022-08-28 17:55:20 +0800
HKWorkoutActivityTypeSoccer,95.65294964909553,min,2022-08-29 20:33:15 +0800,2022-08-29 18:57:35 +0800,2022-08-29 20:33:15 +0800
HKWorkoutActivityTypeCycling,8.021867851416269,min,2022-09-01 09:22:33 +0800,2022-09-01 09:10:58 +0800,2022-09-01 09:22:33 +0800
HKWorkoutActivityTypeHighIntensityIntervalTraining,33.87020241816838,min,2022-09-01 22:41:30 +0800,2022-09-01 22:07:35 +0800,2022-09-01 22:41:30 +0800
HKWorkoutActivityTypeHighIntensityIntervalTraining,25.8726745168368,min,2022-09-02 22:26:23 +0800,2022-09-02 22:00:30 +0800,2022-09-02 22:26:23 +0800
HKWorkoutActivityTypeHighIntensityIntervalTraining,32.87516039808591,min,2022-09-03 22:16:34 +0800,2022-09-03 21:43:41 +0800,2022-09-03 22:16:33 +0800
HKWorkoutActivityTypeHighIntensityIntervalTraining,28.87660378416379,min,2022-09-04 22:13:21 +0800,2022-09-04 21:44:28 +0800,2022-09-04 22:13:20 +0800
HKWorkoutActivityTypeHighIntensityIntervalTraining,25.87165416677793,min,2022-09-05 22:19:16 +0800,2022-09-05 21:53:24 +0800,2022-09-05 22:19:16 +0800
HKWorkoutActivityTypeHighIntensityIntervalTraining,30.87216248313586,min,2022-09-06 22:14:47 +0800,2022-09-06 21:43:54 +0800,2022-09-06 22:14:47 +0800
HKWorkoutActivityTypeHighIntensityIntervalTraining,25.87842538356781,min,2022-09-07 22:00:44 +0800,2022-09-07 21:34:50 +0800,2022-09-07 22:00:43 +0800
HKWorkoutActivityTypeHighIntensityIntervalTraining,25.87613040010134,min,2022-09-08 22:15:39 +0800,2022-09-08 21:49:46 +0800,2022-09-08 22:15:39 +0800
HKWorkoutActivityTypeHighIntensityIntervalTraining,25.872526349624,min,2022-09-11 22:02:57 +0800,2022-09-11 21:37:05 +0800,2022-09-11 22:02:57 +0800
HKWorkoutActivityTypeHighIntensityIntervalTraining,25.87205410003662,min,2022-09-12 22:05:24 +0800,2022-09-12 21:39:32 +0800,2022-09-12 22:05:24 +0800
HKWorkoutActivityTypeHighIntensityIntervalTraining,39.87189881602923,min,2022-09-13 22:52:28 +0800,2022-09-13 22:12:35 +0800,2022-09-13 22:52:27 +0800
HKWorkoutActivityTypeHighIntensityIntervalTraining,25.87410501639048,min,2022-09-14 22:37:58 +0800,2022-09-14 22:12:04 +0800,2022-09-14 22:37:57 +0800
HKWorkoutActivityTypeCycling,12.64061688582103,min,2022-09-16 18:40:03 +0800,2022-09-16 18:22:10 +0800,2022-09-16 18:35:01 +0800
HKWorkoutActivityTypeSkatingSports,69.86994130015373,min,2022-09-17 18:29:45 +0800,2022-09-17 17:19:50 +0800,2022-09-17 18:29:42 +0800
HKWorkoutActivityTypeSkatingSports,76.94805638194084,min,2022-09-18 10:38:29 +0800,2022-09-18 09:08:03 +0800,2022-09-18 10:38:24 +0800
HKWorkoutActivityTypeHighIntensityIntervalTraining,52.87852718234062,min,2022-09-19 20:39:21 +0800,2022-09-19 19:28:31 +0800,2022-09-19 20:39:18 +0800
HKWorkoutActivityTypeHighIntensityIntervalTraining,25.88171593348185,min,2022-09-20 22:21:00 +0800,2022-09-20 21:55:05 +0800,2022-09-20 22:20:58 +0800
HKWorkoutActivityTypeHighIntensityIntervalTraining,33.31239283283551,min,2022-09-23 22:26:01 +0800,2022-09-23 21:52:40 +0800,2022-09-23 22:25:59 +0800
HKWorkoutActivityTypeSkatingSports,72.87260568340619,min,2022-09-24 11:33:12 +0800,2022-09-24 10:20:16 +0800,2022-09-24 11:33:09 +0800
HKWorkoutActivityTypeSwimming,53.87300863265991,min,2022-09-25 08:44:36 +0800,2022-09-25 07:50:21 +0800,2022-09-25 08:44:13 +0800
HKWorkoutActivityTypeSkatingSports,38.87322786847751,min,2022-09-25 18:17:35 +0800,2022-09-25 16:51:34 +0800,2022-09-25 18:17:32 +0800
HKWorkoutActivityTypeHighIntensityIntervalTraining,25.95169244805972,min,2022-09-27 22:13:24 +0800,2022-09-27 21:47:26 +0800,2022-09-27 22:13:23 +0800
HKWorkoutActivityTypeSkatingSports,66.87782776753107,min,2022-10-01 21:32:57 +0800,2022-10-01 20:26:00 +0800,2022-10-01 21:32:53 +0800
HKWorkoutActivityTypeSwimming,55.8840917011102,min,2022-10-02 08:54:09 +0800,2022-10-02 07:58:13 +0800,2022-10-02 08:54:06 +0800
HKWorkoutActivityTypeSkatingSports,58.87495680054029,min,2022-10-02 20:25:49 +0800,2022-10-02 19:26:04 +0800,2022-10-02 20:25:46 +0800
HKWorkoutActivityTypeSwimming,52.87469025055567,min,2022-10-03 09:13:43 +0800,2022-10-03 08:20:47 +0800,2022-10-03 09:13:40 +0800
HKWorkoutActivityTypeSwimming,52.92615451614062,min,2022-10-04 09:34:27 +0800,2022-10-04 08:37:20 +0800,2022-10-04 09:34:24 +0800
HKWorkoutActivityTypeSkatingSports,45.88242670297623,min,2022-10-04 18:29:20 +0800,2022-10-04 17:33:56 +0800,2022-10-04 18:29:18 +0800
HKWorkoutActivityTypeHighIntensityIntervalTraining,30.87184631625811,min,2022-10-05 22:18:34 +0800,2022-10-05 21:47:40 +0800,2022-10-05 22:18:32 +0800
HKWorkoutActivityTypeSkatingSports,56.87411196629206,min,2022-10-06 18:35:35 +0800,2022-10-06 17:21:12 +0800,2022-10-06 18:35:32 +0800
HKWorkoutActivityTypeSwimming,52.86990333398183,min,2022-10-07 09:06:22 +0800,2022-10-07 08:13:27 +0800,2022-10-07 09:06:19 +0800
HKWorkoutActivityTypeHighIntensityIntervalTraining,40.87868180076281,min,2022-10-09 08:10:43 +0800,2022-10-08 21:43:02 +0800,2022-10-09 08:10:40 +0800
HKWorkoutActivityTypeHighIntensityIntervalTraining,26.869807467858,min,2022-10-09 22:30:12 +0800,2022-10-09 22:03:18 +0800,2022-10-09 22:30:10 +0800
HKWorkoutActivityTypeHighIntensityIntervalTraining,30.90427790085475,min,2022-10-10 22:13:53 +0800,2022-10-10 21:42:55 +0800,2022-10-10 22:13:50 +0800
HKWorkoutActivityTypeHighIntensityIntervalTraining,25.8948520342509,min,2022-10-11 22:23:43 +0800,2022-10-11 21:57:48 +0800,2022-10-11 22:23:41 +0800
HKWorkoutActivityTypeHighIntensityIntervalTraining,26.87243816653887,min,2022-10-12 22:30:23 +0800,2022-10-12 22:03:29 +0800,2022-10-12 22:30:21 +0800
HKWorkoutActivityTypeSkatingSports,52.8829472343127,min,2022-10-15 18:16:13 +0800,2022-10-15 17:23:18 +0800,2022-10-15 18:16:11 +0800
HKWorkoutActivityTypeSkatingSports,52.89093465010325,min,2022-10-16 12:07:23 +0800,2022-10-16 11:14:27 +0800,2022-10-16 12:07:21 +0800
HKWorkoutActivityTypeSkatingSports,55.8741593182087,min,2022-10-16 18:07:23 +0800,2022-10-16 17:11:28 +0800,2022-10-16 18:07:20 +0800
HKWorkoutActivityTypeSoccer,132.8304400821527,min,2022-10-17 21:25:02 +0800,2022-10-17 19:12:04 +0800,2022-10-17 21:24:54 +0800
HKWorkoutActivityTypeHighIntensityIntervalTraining,28.87033779819807,min,2022-10-18 22:34:16 +0800,2022-10-18 22:03:26 +0800,2022-10-18 22:34:14 +0800
HKWorkoutActivityTypeCycling,13.89761207501093,min,2022-10-19 09:51:12 +0800,2022-10-19 09:31:47 +0800,2022-10-19 09:51:10 +0800
HKWorkoutActivityTypeHighIntensityIntervalTraining,25.87108376820882,min,2022-10-19 22:13:03 +0800,2022-10-19 21:47:09 +0800,2022-10-19 22:13:02 +0800
HKWorkoutActivityTypeWalking,26.3963868757089,min,2022-10-20 19:37:48 +0800,2022-10-20 18:48:52 +0800,2022-10-20 19:15:15 +0800
HKWorkoutActivityTypeHighIntensityIntervalTraining,36.88647441665331,min,2022-10-21 22:52:58 +0800,2022-10-21 22:16:03 +0800,2022-10-21 22:52:56 +0800
HKWorkoutActivityTypeSkatingSports,64.87095923423767,min,2022-10-22 11:56:54 +0800,2022-10-22 10:51:58 +0800,2022-10-22 11:56:50 +0800
HKWorkoutActivityTypeSkatingSports,52.87432841658593,min,2022-10-22 18:05:44 +0800,2022-10-22 17:12:48 +0800,2022-10-22 18:05:41 +0800
HKWorkoutActivityTypeSwimming,52.86532868345579,min,2022-10-23 08:49:57 +0800,2022-10-23 07:57:02 +0800,2022-10-23 08:49:54 +0800
HKWorkoutActivityTypeSkatingSports,52.87279153267543,min,2022-10-23 18:00:02 +0800,2022-10-23 17:07:07 +0800,2022-10-23 17:59:59 +0800
HKWorkoutActivityTypeWalking,17.62560310959816,min,2022-10-23 18:47:52 +0800,2022-10-23 18:30:14 +0800,2022-10-23 18:47:52 +0800
HKWorkoutActivityTypeHighIntensityIntervalTraining,30.87409030000369,min,2022-10-25 22:18:43 +0800,2022-10-25 21:47:48 +0800,2022-10-25 22:18:41 +0800
HKWorkoutActivityTypeSkatingSports,55.8694948832194,min,2022-10-29 18:06:00 +0800,2022-10-29 17:10:05 +0800,2022-10-29 18:05:57 +0800
HKWorkoutActivityTypeSwimming,52.86762538353602,min,2022-10-30 08:46:25 +0800,2022-10-30 07:53:10 +0800,2022-10-30 08:46:02 +0800
HKWorkoutActivityTypeSkatingSports,52.87294578353564,min,2022-10-30 17:53:53 +0800,2022-10-30 17:00:58 +0800,2022-10-30 17:53:51 +0800
HKWorkoutActivityTypeSoccer,86.87307048241297,min,2022-10-31 20:33:59 +0800,2022-10-31 19:07:02 +0800,2022-10-31 20:33:54 +0800
HKWorkoutActivityTypeCycling,9.51706722776095,min,2022-11-01 09:53:12 +0800,2022-11-01 09:37:07 +0800,2022-11-01 09:48:09 +0800
HKWorkoutActivityTypeHighIntensityIntervalTraining,30.87597478230794,min,2022-11-02 22:19:31 +0800,2022-11-02 21:48:36 +0800,2022-11-02 22:19:29 +0800
HKWorkoutActivityTypeHighIntensityIntervalTraining,25.87391980091731,min,2022-11-04 09:11:29 +0800,2022-11-04 08:45:35 +0800,2022-11-04 09:11:28 +0800
HKWorkoutActivityTypeWalking,86.98821132381757,min,2022-11-04 17:25:00 +0800,2022-11-04 15:57:56 +0800,2022-11-04 17:24:55 +0800
HKWorkoutActivityTypeHighIntensityIntervalTraining,36.93318333427111,min,2022-11-05 21:57:43 +0800,2022-11-05 21:20:40 +0800,2022-11-05 21:57:36 +0800
HKWorkoutActivityTypeHighIntensityIntervalTraining,30.93598585128784,min,2022-11-06 22:04:45 +0800,2022-11-06 21:33:47 +0800,2022-11-06 22:04:43 +0800
HKWorkoutActivityTypeHighIntensityIntervalTraining,25.87512739896774,min,2022-11-09 08:47:57 +0800,2022-11-09 08:22:03 +0800,2022-11-09 08:47:56 +0800
HKWorkoutActivityTypeHighIntensityIntervalTraining,27.81020399928093,min,2022-11-10 14:00:31 +0800,2022-11-10 08:28:38 +0800,2022-11-10 08:56:27 +0800
HKWorkoutActivityTypeHighIntensityIntervalTraining,26.87058973312378,min,2022-11-11 08:46:54 +0800,2022-11-11 08:20:00 +0800,2022-11-11 08:46:53 +0800
HKWorkoutActivityTypeSkatingSports,66.86776409943899,min,2022-11-12 17:43:45 +0800,2022-11-12 16:36:50 +0800,2022-11-12 17:43:42 +0800
HKWorkoutActivityTypeSwimming,52.87161026795705,min,2022-11-13 08:41:19 +0800,2022-11-13 07:48:24 +0800,2022-11-13 08:41:16 +0800
HKWorkoutActivityTypeSkatingSports,52.87383351524671,min,2022-11-13 17:52:02 +0800,2022-11-13 16:56:08 +0800,2022-11-13 17:52:00 +0800
HKWorkoutActivityTypeSoccer,112.9356369992097,min,2022-11-14 20:48:32 +0800,2022-11-14 18:55:29 +0800,2022-11-14 20:48:25 +0800
HKWorkoutActivityTypeHighIntensityIntervalTraining,25.869433649381,min,2022-11-16 08:49:25 +0800,2022-11-16 08:23:31 +0800,2022-11-16 08:49:24 +0800
HKWorkoutActivityTypeHighIntensityIntervalTraining,25.91680506666501,min,2022-11-17 08:54:20 +0800,2022-11-17 08:28:23 +0800,2022-11-17 08:54:18 +0800
HKWorkoutActivityTypeHighIntensityIntervalTraining,25.87739506562551,min,2022-11-18 08:50:18 +0800,2022-11-18 08:24:24 +0800,2022-11-18 08:50:16 +0800
HKWorkoutActivityTypeSkatingSports,52.8669753173987,min,2022-11-19 17:31:17 +0800,2022-11-19 16:38:23 +0800,2022-11-19 17:31:15 +0800
HKWorkoutActivityTypeSwimming,52.8713961660862,min,2022-11-20 08:44:57 +0800,2022-11-20 07:52:02 +0800,2022-11-20 08:44:54 +0800
HKWorkoutActivityTypeHighIntensityIntervalTraining,25.88180463314056,min,2022-11-21 22:23:15 +0800,2022-11-21 21:57:21 +0800,2022-11-21 22:23:14 +0800
HKWorkoutActivityTypeHighIntensityIntervalTraining,25.87686036626498,min,2022-11-22 22:31:09 +0800,2022-11-22 22:05:15 +0800,2022-11-22 22:31:07 +0800
HKWorkoutActivityTypeHighIntensityIntervalTraining,25.87073660095533,min,2022-11-23 22:18:08 +0800,2022-11-23 21:52:15 +0800,2022-11-23 22:18:07 +0800
HKWorkoutActivityTypeSkatingSports,32.87495573361715,min,2022-11-27 17:47:34 +0800,2022-11-27 17:14:40 +0800,2022-11-27 17:47:33 +0800
HKWorkoutActivityTypeWalking,21.90981383522352,min,2022-11-29 18:58:54 +0800,2022-11-29 18:36:59 +0800,2022-11-29 18:58:53 +0800
HKWorkoutActivityTypeWalking,22.78982228835424,min,2022-11-29 22:06:47 +0800,2022-11-29 21:43:58 +0800,2022-11-29 22:06:46 +0800
HKWorkoutActivityTypeHighIntensityIntervalTraining,28.86974268356959,min,2022-11-30 09:01:52 +0800,2022-11-30 08:32:58 +0800,2022-11-30 09:01:50 +0800
HKWorkoutActivityTypeHighIntensityIntervalTraining,25.87191780010859,min,2022-12-01 08:51:13 +0800,2022-12-01 08:25:20 +0800,2022-12-01 08:51:12 +0800
HKWorkoutActivityTypeWalking,111.8765658338865,min,2022-12-03 13:32:26 +0800,2022-12-03 11:40:24 +0800,2022-12-03 13:32:17 +0800
HKWorkoutActivityTypeHighIntensityIntervalTraining,27.04321025013924,min,2022-12-08 07:42:32 +0800,2022-12-07 21:49:32 +0800,2022-12-07 22:16:35 +0800
HKWorkoutActivityTypeHighIntensityIntervalTraining,36.97560335000356,min,2022-12-08 22:21:29 +0800,2022-12-08 21:44:29 +0800,2022-12-08 22:21:27 +0800
HKWorkoutActivityTypeSoccer,52.87969333330791,min,2022-12-09 21:59:43 +0800,2022-12-09 21:06:47 +0800,2022-12-09 21:59:40 +0800
HKWorkoutActivityTypeHighIntensityIntervalTraining,26.87248323361079,min,2022-12-11 21:41:58 +0800,2022-12-11 21:15:05 +0800,2022-12-11 21:41:57 +0800
HKWorkoutActivityTypeHighIntensityIntervalTraining,25.86592860023181,min,2022-12-12 22:42:08 +0800,2022-12-12 22:16:15 +0800,2022-12-12 22:42:07 +0800
HKWorkoutActivityTypeHighIntensityIntervalTraining,26.87670664985975,min,2022-12-13 22:24:26 +0800,2022-12-13 21:57:32 +0800,2022-12-13 22:24:25 +0800
HKWorkoutActivityTypeHighIntensityIntervalTraining,30.8798735499382,min,2022-12-16 22:20:39 +0800,2022-12-16 21:49:44 +0800,2022-12-16 22:20:37 +0800
HKWorkoutActivityTypeHighIntensityIntervalTraining,26.11250371734301,min,2022-12-18 21:57:42 +0800,2022-12-18 21:31:34 +0800,2022-12-18 21:57:41 +0800
HKWorkoutActivityTypeHighIntensityIntervalTraining,25.87617476582527,min,2022-12-19 22:23:17 +0800,2022-12-19 21:57:23 +0800,2022-12-19 22:23:15 +0800
HKWorkoutActivityTypeHighIntensityIntervalTraining,25.87444681525231,min,2022-12-20 22:12:01 +0800,2022-12-20 21:46:07 +0800,2022-12-20 22:12:00 +0800
HKWorkoutActivityTypeSkatingSports,52.86880310177803,min,2022-12-31 17:45:01 +0800,2022-12-31 16:52:07 +0800,2022-12-31 17:44:59 +0800
HKWorkoutActivityTypeHighIntensityIntervalTraining,25.88006268342336,min,2023-01-02 21:43:54 +0800,2023-01-02 21:18:00 +0800,2023-01-02 21:43:53 +0800
HKWorkoutActivityTypeHighIntensityIntervalTraining,26.87216648260752,min,2023-01-03 21:58:54 +0800,2023-01-03 21:32:00 +0800,2023-01-03 21:58:52 +0800
HKWorkoutActivityTypeHighIntensityIntervalTraining,29.28259810010592,min,2023-01-05 22:26:54 +0800,2023-01-05 21:57:36 +0800,2023-01-05 22:26:53 +0800
HKWorkoutActivityTypeHighIntensityIntervalTraining,25.8756389160951,min,2023-01-08 21:50:55 +0800,2023-01-08 21:25:01 +0800,2023-01-08 21:50:54 +0800
HKWorkoutActivityTypeHighIntensityIntervalTraining,25.87404198249181,min,2023-01-09 21:52:33 +0800,2023-01-09 21:26:39 +0800,2023-01-09 21:52:32 +0800
HKWorkoutActivityTypeHighIntensityIntervalTraining,30.98135410149892,min,2023-01-13 22:09:30 +0800,2023-01-13 21:38:29 +0800,2023-01-13 22:09:28 +0800
HKWorkoutActivityTypeHighIntensityIntervalTraining,25.87901983261109,min,2023-01-15 22:33:21 +0800,2023-01-15 22:07:27 +0800,2023-01-15 22:33:20 +0800
HKWorkoutActivityTypeHighIntensityIntervalTraining,32.86694921652476,min,2023-01-21 22:56:03 +0800,2023-01-21 22:23:10 +0800,2023-01-21 22:56:02 +0800
HKWorkoutActivityTypeHiking,172.5537838995457,min,2023-01-22 17:19:48 +0800,2023-01-22 14:27:02 +0800,2023-01-22 17:19:36 +0800
HKWorkoutActivityTypeWalking,147.5947466671467,min,2023-01-24 16:47:59 +0800,2023-01-24 14:20:15 +0800,2023-01-24 16:47:51 +0800
HKWorkoutActivityTypeHighIntensityIntervalTraining,25.87323636611303,min,2023-01-29 22:11:06 +0800,2023-01-29 21:45:12 +0800,2023-01-29 22:11:04 +0800
HKWorkoutActivityTypeHighIntensityIntervalTraining,25.87901158332825,min,2023-01-31 22:10:46 +0800,2023-01-31 21:44:52 +0800,2023-01-31 22:10:45 +0800
HKWorkoutActivityTypeHighIntensityIntervalTraining,25.87414275010427,min,2023-02-01 22:20:38 +0800,2023-02-01 21:54:44 +0800,2023-02-01 22:20:37 +0800
HKWorkoutActivityTypeHighIntensityIntervalTraining,25.87510734995206,min,2023-02-02 22:30:42 +0800,2023-02-02 22:04:48 +0800,2023-02-02 22:30:40 +0800
HKWorkoutActivityTypeHighIntensityIntervalTraining,25.8794875005881,min,2023-02-04 22:24:08 +0800,2023-02-04 21:58:14 +0800,2023-02-04 22:24:07 +0800
HKWorkoutActivityTypeSwimming,52.88792086640994,min,2023-02-05 08:44:13 +0800,2023-02-05 07:51:17 +0800,2023-02-05 08:44:11 +0800
HKWorkoutActivityTypeSoccer,1187,min,2023-02-07 00:39:23 +0800,2023-02-06 00:38:00 +0800,2023-02-06 20:25:00 +0800
HKWorkoutActivityTypeHighIntensityIntervalTraining,32.87403343319893,min,2023-02-11 22:32:15 +0800,2023-02-11 21:59:20 +0800,2023-02-11 22:32:13 +0800
HKWorkoutActivityTypeSwimming,52.88110525012016,min,2023-02-12 08:45:07 +0800,2023-02-12 07:52:11 +0800,2023-02-12 08:45:03 +0800
HKWorkoutActivityTypeHighIntensityIntervalTraining,25.87229809959729,min,2023-02-14 22:32:44 +0800,2023-02-14 22:06:50 +0800,2023-02-14 22:32:43 +0800
HKWorkoutActivityTypeHighIntensityIntervalTraining,25.8738994995753,min,2023-02-15 22:17:59 +0800,2023-02-15 21:52:05 +0800,2023-02-15 22:17:57 +0800
HKWorkoutActivityTypeHighIntensityIntervalTraining,25.87324754993121,min,2023-02-17 08:42:59 +0800,2023-02-17 08:17:05 +0800,2023-02-17 08:42:57 +0800
HKWorkoutActivityTypeSwimming,52.87017481724421,min,2023-02-19 08:49:21 +0800,2023-02-19 07:56:26 +0800,2023-02-19 08:49:18 +0800
HKWorkoutActivityTypeHighIntensityIntervalTraining,25.87845911582311,min,2023-02-20 22:32:17 +0800,2023-02-20 22:06:23 +0800,2023-02-20 22:32:15 +0800
HKWorkoutActivityTypeHighIntensityIntervalTraining,25.87627098361651,min,2023-02-21 22:17:51 +0800,2023-02-21 21:51:57 +0800,2023-02-21 22:17:50 +0800
HKWorkoutActivityTypeHighIntensityIntervalTraining,25.87644993464152,min,2023-02-23 08:55:55 +0800,2023-02-23 08:30:01 +0800,2023-02-23 08:55:54 +0800
HKWorkoutActivityTypeHighIntensityIntervalTraining,25.88182023366292,min,2023-02-24 08:52:59 +0800,2023-02-24 08:27:04 +0800,2023-02-24 08:52:57 +0800
HKWorkoutActivityTypeHighIntensityIntervalTraining,26.88727856675784,min,2023-02-27 08:59:00 +0800,2023-02-27 08:32:05 +0800,2023-02-27 08:58:58 +0800
HKWorkoutActivityTypeHighIntensityIntervalTraining,26.88115818301837,min,2023-03-06 22:27:08 +0800,2023-03-06 22:00:14 +0800,2023-03-06 22:27:06 +0800
HKWorkoutActivityTypeHighIntensityIntervalTraining,25.87685998280843,min,2023-03-08 21:46:02 +0800,2023-03-08 21:20:08 +0800,2023-03-08 21:46:01 +0800
HKWorkoutActivityTypeHighIntensityIntervalTraining,25.88942326704661,min,2023-03-09 21:56:58 +0800,2023-03-09 21:31:03 +0800,2023-03-09 21:56:57 +0800
HKWorkoutActivityTypeHiking,183.9376742164294,min,2023-03-10 18:06:42 +0800,2023-03-10 15:02:34 +0800,2023-03-10 18:06:31 +0800
HKWorkoutActivityTypeSwimming,53.87274238268535,min,2023-03-12 08:53:02 +0800,2023-03-12 07:59:06 +0800,2023-03-12 08:52:59 +0800
HKWorkoutActivityTypeSoccer,99.88738376696905,min,2023-03-13 20:47:20 +0800,2023-03-13 19:07:22 +0800,2023-03-13 20:47:15 +0800
HKWorkoutActivityTypeHighIntensityIntervalTraining,30.87070146600405,min,2023-03-15 22:32:37 +0800,2023-03-15 22:01:43 +0800,2023-03-15 22:32:35 +0800
HKWorkoutActivityTypeHiking,92.88118020097414,min,2023-03-17 16:52:49 +0800,2023-03-17 15:19:51 +0800,2023-03-17 16:52:44 +0800
HKWorkoutActivityTypeWalking,68.54031231800715,min,2023-03-17 20:47:15 +0800,2023-03-17 19:38:40 +0800,2023-03-17 20:47:13 +0800
HKWorkoutActivityTypeSwimming,52.87704738378525,min,2023-03-19 08:49:06 +0800,2023-03-19 07:56:11 +0800,2023-03-19 08:49:03 +0800
HKWorkoutActivityTypeHighIntensityIntervalTraining,30.87696536779404,min,2023-03-20 22:43:43 +0800,2023-03-20 22:12:49 +0800,2023-03-20 22:43:42 +0800
HKWorkoutActivityTypeHighIntensityIntervalTraining,26.88382621606191,min,2023-03-23 09:12:16 +0800,2023-03-23 08:45:21 +0800,2023-03-23 09:12:14 +0800
HKWorkoutActivityTypeHighIntensityIntervalTraining,36.87674403389295,min,2023-03-25 21:49:36 +0800,2023-03-25 21:12:41 +0800,2023-03-25 21:49:34 +0800
HKWorkoutActivityTypeSwimming,52.87960831522942,min,2023-03-26 08:49:16 +0800,2023-03-26 07:56:21 +0800,2023-03-26 08:49:14 +0800
HKWorkoutActivityTypeHighIntensityIntervalTraining,28.84519063433011,min,2023-03-27 22:22:55 +0800,2023-03-27 21:53:47 +0800,2023-03-27 22:22:37 +0800
HKWorkoutActivityTypeSwimming,52.86946253180504,min,2023-04-02 17:00:04 +0800,2023-04-02 16:07:09 +0800,2023-04-02 17:00:01 +0800
HKWorkoutActivityTypeHighIntensityIntervalTraining,26.91946504910787,min,2023-04-05 22:03:23 +0800,2023-04-05 21:36:26 +0800,2023-04-05 22:03:21 +0800
HKWorkoutActivityTypeHighIntensityIntervalTraining,28.93975823322932,min,2023-04-13 22:09:45 +0800,2023-04-13 21:40:47 +0800,2023-04-13 22:09:44 +0800
HKWorkoutActivityTypeHighIntensityIntervalTraining,28.87705346743266,min,2023-04-15 22:07:48 +0800,2023-04-15 21:38:53 +0800,2023-04-15 22:07:46 +0800
HKWorkoutActivityTypeSwimming,52.88887523412704,min,2023-04-16 09:01:30 +0800,2023-04-16 08:08:34 +0800,2023-04-16 09:01:28 +0800
HKWorkoutActivityTypeSoccer,98.88181046843529,min,2023-04-17 20:39:02 +0800,2023-04-17 19:00:04 +0800,2023-04-17 20:38:57 +0800
HKWorkoutActivityTypeHighIntensityIntervalTraining,26.92897430062294,min,2023-04-20 22:16:50 +0800,2023-04-20 21:49:53 +0800,2023-04-20 22:16:48 +0800
HKWorkoutActivityTypeHighIntensityIntervalTraining,25.87734004855156,min,2023-04-21 21:42:24 +0800,2023-04-21 21:16:30 +0800,2023-04-21 21:42:22 +0800
HKWorkoutActivityTypeWalking,86.14830708305041,min,2023-04-23 11:32:21 +0800,2023-04-23 10:06:06 +0800,2023-04-23 11:32:15 +0800
HKWorkoutActivityTypeWalking,124.5763510008653,min,2023-04-24 13:24:24 +0800,2023-04-24 11:19:42 +0800,2023-04-24 13:24:16 +0800
HKWorkoutActivityTypeHiking,51.38345806598663,min,2023-04-25 12:34:07 +0800,2023-04-25 11:29:57 +0800,2023-04-25 12:21:20 +0800
HKWorkoutActivityTypeWalking,110.3041477342447,min,2023-04-25 16:18:19 +0800,2023-04-25 14:04:35 +0800,2023-04-25 16:18:13 +0800
HKWorkoutActivityTypeHighIntensityIntervalTraining,25.87238995035489,min,2023-04-26 21:50:02 +0800,2023-04-26 21:24:08 +0800,2023-04-26 21:50:00 +0800
HKWorkoutActivityTypeHighIntensityIntervalTraining,28.87238063414891,min,2023-04-27 22:30:20 +0800,2023-04-27 22:01:26 +0800,2023-04-27 22:30:18 +0800
HKWorkoutActivityTypeWalking,21.96470553278923,min,2023-04-30 19:43:00 +0800,2023-04-30 17:08:56 +0800,2023-04-30 17:30:54 +0800
HKWorkoutActivityTypeWalking,75.86984840631484,min,2023-05-01 12:16:36 +0800,2023-05-01 09:58:44 +0800,2023-05-01 12:16:31 +0800
HKWorkoutActivityTypeWalking,24.34225333333016,min,2023-05-01 20:06:17 +0800,2023-05-01 19:41:56 +0800,2023-05-01 20:06:16 +0800
HKWorkoutActivityTypeSwimming,39.8951882481575,min,2023-05-03 08:47:53 +0800,2023-05-03 08:07:57 +0800,2023-05-03 08:47:51 +0800
HKWorkoutActivityTypeCycling,10.10273409883181,min,2023-05-10 10:24:29 +0800,2023-05-10 10:14:23 +0800,2023-05-10 10:24:29 +0800
HKWorkoutActivityTypeCycling,6.116439674297968,min,2023-05-10 13:05:28 +0800,2023-05-10 12:59:20 +0800,2023-05-10 13:05:27 +0800
HKWorkoutActivityTypeWalking,75.31515434980392,min,2023-05-11 16:43:43 +0800,2023-05-11 15:28:20 +0800,2023-05-11 16:43:39 +0800
HKWorkoutActivityTypeHighIntensityIntervalTraining,28.87063369949659,min,2023-05-12 22:06:58 +0800,2023-05-12 21:38:04 +0800,2023-05-12 22:06:57 +0800
HKWorkoutActivityTypeHighIntensityIntervalTraining,28.87334531744321,min,2023-05-15 22:10:48 +0800,2023-05-15 21:41:54 +0800,2023-05-15 22:10:47 +0800
HKWorkoutActivityTypeHighIntensityIntervalTraining,25.87168643275897,min,2023-05-16 22:05:28 +0800,2023-05-16 21:39:35 +0800,2023-05-16 22:05:27 +0800
HKWorkoutActivityTypeWalking,42.8587903658549,min,2023-05-17 21:51:10 +0800,2023-05-17 21:08:15 +0800,2023-05-17 21:51:07 +0800
HKWorkoutActivityTypeHighIntensityIntervalTraining,25.87397994796435,min,2023-05-18 22:06:52 +0800,2023-05-18 21:39:27 +0800,2023-05-18 22:06:50 +0800
HKWorkoutActivityTypeHighIntensityIntervalTraining,36.83696608344714,min,2023-05-19 22:17:15 +0800,2023-05-19 21:40:23 +0800,2023-05-19 22:17:13 +0800
HKWorkoutActivityTypeSwimming,53.87080213427544,min,2023-05-21 08:40:22 +0800,2023-05-21 07:46:27 +0800,2023-05-21 08:40:19 +0800
HKWorkoutActivityTypeSoccer,95.87194191614786,min,2023-05-22 20:26:39 +0800,2023-05-22 18:50:42 +0800,2023-05-22 20:26:34 +0800
HKWorkoutActivityTypeHighIntensityIntervalTraining,26.87417839765549,min,2023-05-23 22:15:29 +0800,2023-05-23 21:47:12 +0800,2023-05-23 22:15:28 +0800
HKWorkoutActivityTypeHighIntensityIntervalTraining,36.87174765070279,min,2023-05-24 22:16:24 +0800,2023-05-24 21:39:30 +0800,2023-05-24 22:16:22 +0800
HKWorkoutActivityTypeHighIntensityIntervalTraining,32.87111888329188,min,2023-05-25 22:24:19 +0800,2023-05-25 21:51:25 +0800,2023-05-25 22:24:17 +0800
HKWorkoutActivityTypeSwimming,52.64899891614914,min,2023-05-28 08:40:07 +0800,2023-05-28 07:47:23 +0800,2023-05-28 08:40:02 +0800
HKWorkoutActivityTypeHighIntensityIntervalTraining,32.87346016764641,min,2023-05-29 22:31:00 +0800,2023-05-29 21:58:06 +0800,2023-05-29 22:30:58 +0800
HKWorkoutActivityTypeHighIntensityIntervalTraining,25.87601663271586,min,2023-05-31 22:13:28 +0800,2023-05-31 21:47:34 +0800,2023-05-31 22:13:26 +0800
HKWorkoutActivityTypeHighIntensityIntervalTraining,43.82973688244819,min,2023-06-03 22:15:14 +0800,2023-06-03 21:31:22 +0800,2023-06-03 22:15:12 +0800
HKWorkoutActivityTypeSkatingSports,66.50487048427264,min,2023-06-04 18:50:41 +0800,2023-06-04 17:44:07 +0800,2023-06-04 18:50:38 +0800
HKWorkoutActivityTypeSoccer,81.23614490032196,min,2023-06-05 20:35:12 +0800,2023-06-05 19:13:53 +0800,2023-06-05 20:35:07 +0800
HKWorkoutActivityTypeHighIntensityIntervalTraining,35.87273433407147,min,2023-06-07 22:38:41 +0800,2023-06-07 22:02:45 +0800,2023-06-07 22:38:39 +0800
HKWorkoutActivityTypeHighIntensityIntervalTraining,36.88039076725642,min,2023-06-08 22:34:27 +0800,2023-06-08 21:57:33 +0800,2023-06-08 22:34:26 +0800
HKWorkoutActivityTypeHighIntensityIntervalTraining,26.87389175097148,min,2023-06-09 22:18:43 +0800,2023-06-09 21:51:49 +0800,2023-06-09 22:18:41 +0800
HKWorkoutActivityTypeSkatingSports,52.87323558330536,min,2023-06-10 18:07:07 +0800,2023-06-10 17:14:12 +0800,2023-06-10 18:07:04 +0800
HKWorkoutActivityTypeHighIntensityIntervalTraining,26.8848951001962,min,2023-06-12 22:20:49 +0800,2023-06-12 21:53:54 +0800,2023-06-12 22:20:47 +0800
HKWorkoutActivityTypeHighIntensityIntervalTraining,26.87578281760216,min,2023-06-15 22:32:08 +0800,2023-06-15 22:05:14 +0800,2023-06-15 22:32:07 +0800
HKWorkoutActivityTypeHighIntensityIntervalTraining,25.87501483360926,min,2023-06-16 21:56:07 +0800,2023-06-16 21:30:13 +0800,2023-06-16 21:56:05 +0800
HKWorkoutActivityTypeSwimming,52.88149729967117,min,2023-06-18 08:38:35 +0800,2023-06-18 07:45:39 +0800,2023-06-18 08:38:32 +0800
HKWorkoutActivityTypeHighIntensityIntervalTraining,30.88178559939066,min,2023-06-19 22:23:33 +0800,2023-06-19 21:52:38 +0800,2023-06-19 22:23:31 +0800
HKWorkoutActivityTypeSkatingSports,55.87378013332685,min,2023-06-22 18:19:37 +0800,2023-06-22 17:23:42 +0800,2023-06-22 18:19:34 +0800
HKWorkoutActivityTypeSwimming,52.91752411524455,min,2023-06-23 08:40:39 +0800,2023-06-23 07:47:41 +0800,2023-06-23 08:40:36 +0800
HKWorkoutActivityTypeHighIntensityIntervalTraining,13.00516976714134,min,2023-06-24 21:56:07 +0800,2023-06-24 21:32:44 +0800,2023-06-24 21:45:45 +0800
HKWorkoutActivityTypeHighIntensityIntervalTraining,38.42238474885622,min,2023-06-26 14:10:31 +0800,2023-06-25 21:54:01 +0800,2023-06-25 23:22:25 +0800
HKWorkoutActivityTypeSoccer,93.81552493373553,min,2023-06-26 20:31:07 +0800,2023-06-26 18:57:14 +0800,2023-06-26 20:31:03 +0800
HKWorkoutActivityTypeHighIntensityIntervalTraining,28.97835803429286,min,2023-06-27 22:37:20 +0800,2023-06-27 22:08:20 +0800,2023-06-27 22:37:19 +0800
HKWorkoutActivityTypeHighIntensityIntervalTraining,22.87406988143921,min,2023-06-28 22:36:28 +0800,2023-06-28 22:13:34 +0800,2023-06-28 22:36:26 +0800
HKWorkoutActivityTypeHighIntensityIntervalTraining,30.87255194981893,min,2023-06-29 22:39:33 +0800,2023-06-29 22:08:39 +0800,2023-06-29 22:39:31 +0800
HKWorkoutActivityTypeWalking,202.3317818661531,min,2023-07-01 10:00:30 +0800,2023-06-30 21:06:18 +0800,2023-07-01 00:28:38 +0800
HKWorkoutActivityTypeCycling,15.09966590404511,min,2023-07-01 21:43:40 +0800,2023-07-01 21:25:24 +0800,2023-07-01 21:41:05 +0800
HKWorkoutActivityTypeHighIntensityIntervalTraining,30.87261433402697,min,2023-07-02 22:21:06 +0800,2023-07-02 21:50:12 +0800,2023-07-02 22:21:04 +0800
HKWorkoutActivityTypeHighIntensityIntervalTraining,25.87275870045026,min,2023-07-05 22:23:15 +0800,2023-07-05 21:57:21 +0800,2023-07-05 22:23:14 +0800
HKWorkoutActivityTypeSwimming,47.55562309424082,min,2023-07-09 07:18:21 +0800,2023-07-08 17:00:39 +0800,2023-07-08 17:48:12 +0800
HKWorkoutActivityTypeSwimming,53.2092777510484,min,2023-07-09 08:41:52 +0800,2023-07-09 07:48:37 +0800,2023-07-09 08:41:49 +0800
HKWorkoutActivityTypeSwimming,66.87045491735141,min,2023-07-09 18:14:18 +0800,2023-07-09 17:07:22 +0800,2023-07-09 18:14:14 +0800
HKWorkoutActivityTypeSoccer,98.87099786599477,min,2023-07-10 20:35:33 +0800,2023-07-10 18:56:35 +0800,2023-07-10 20:35:27 +0800
HKWorkoutActivityTypeHighIntensityIntervalTraining,25.87632288336754,min,2023-07-13 22:14:33 +0800,2023-07-13 21:48:39 +0800,2023-07-13 22:14:32 +0800
HKWorkoutActivityTypeSwimming,59.15434843301773,min,2023-07-15 18:24:44 +0800,2023-07-15 17:25:32 +0800,2023-07-15 18:24:41 +0800
HKWorkoutActivityTypeSwimming,52.87371101776759,min,2023-07-16 08:42:53 +0800,2023-07-16 07:49:58 +0800,2023-07-16 08:42:50 +0800
HKWorkoutActivityTypeHighIntensityIntervalTraining,35.95756461819013,min,2023-07-17 22:27:05 +0800,2023-07-17 21:51:06 +0800,2023-07-17 22:27:03 +0800
HKWorkoutActivityTypeHighIntensityIntervalTraining,35.88185878197352,min,2023-07-18 22:15:03 +0800,2023-07-18 21:39:08 +0800,2023-07-18 22:15:01 +0800
HKWorkoutActivityTypeHighIntensityIntervalTraining,43.97761108279228,min,2023-07-19 22:50:12 +0800,2023-07-19 22:06:06 +0800,2023-07-19 22:50:05 +0800
HKWorkoutActivityTypeHighIntensityIntervalTraining,35.87181535164515,min,2023-07-21 22:16:24 +0800,2023-07-21 21:40:30 +0800,2023-07-21 22:16:22 +0800
HKWorkoutActivityTypeSwimming,68.8781983335813,min,2023-07-22 18:00:26 +0800,2023-07-22 16:51:29 +0800,2023-07-22 18:00:22 +0800
HKWorkoutActivityTypeSwimming,50.87012956738472,min,2023-07-23 08:50:29 +0800,2023-07-23 07:59:34 +0800,2023-07-23 08:50:26 +0800
HKWorkoutActivityTypeSwimming,72.91440761685371,min,2023-07-23 18:07:45 +0800,2023-07-23 16:54:47 +0800,2023-07-23 18:07:42 +0800
HKWorkoutActivityTypeSoccer,68.87973596652348,min,2023-07-24 20:28:17 +0800,2023-07-24 19:19:21 +0800,2023-07-24 20:28:13 +0800
HKWorkoutActivityTypeHighIntensityIntervalTraining,42.87339918414752,min,2023-07-25 22:31:12 +0800,2023-07-25 21:48:18 +0800,2023-07-25 22:31:10 +0800
HKWorkoutActivityTypeHighIntensityIntervalTraining,38.87281143466632,min,2023-07-27 22:22:32 +0800,2023-07-27 21:43:37 +0800,2023-07-27 22:22:30 +0800
HKWorkoutActivityTypeHighIntensityIntervalTraining,38.8743974506855,min,2023-07-28 22:09:49 +0800,2023-07-28 21:30:54 +0800,2023-07-28 22:09:47 +0800
HKWorkoutActivityTypeHighIntensityIntervalTraining,40.87308448354403,min,2023-07-29 22:07:30 +0800,2023-07-29 21:26:35 +0800,2023-07-29 22:07:28 +0800
HKWorkoutActivityTypeSkatingSports,52.87153913378715,min,2023-07-30 18:13:41 +0800,2023-07-30 17:20:46 +0800,2023-07-30 18:13:38 +0800
HKWorkoutActivityTypeHighIntensityIntervalTraining,16.88178304831187,min,2023-07-31 22:55:38 +0800,2023-07-31 22:38:44 +0800,2023-07-31 22:55:37 +0800
HKWorkoutActivityTypeHighIntensityIntervalTraining,38.86863694985708,min,2023-08-01 22:34:26 +0800,2023-08-01 21:55:32 +0800,2023-08-01 22:34:24 +0800
HKWorkoutActivityTypeHighIntensityIntervalTraining,35.87054949998856,min,2023-08-03 22:41:31 +0800,2023-08-03 22:05:37 +0800,2023-08-03 22:41:29 +0800
HKWorkoutActivityTypeHighIntensityIntervalTraining,36.87606121699015,min,2023-08-04 22:10:03 +0800,2023-08-04 21:33:09 +0800,2023-08-04 22:10:01 +0800
HKWorkoutActivityTypeHighIntensityIntervalTraining,29.17310316562653,min,2023-08-06 21:52:25 +0800,2023-08-06 21:23:13 +0800,2023-08-06 21:52:23 +0800
HKWorkoutActivityTypeSoccer,85.87569903333981,min,2023-08-07 20:33:35 +0800,2023-08-07 19:07:38 +0800,2023-08-07 20:33:30 +0800
HKWorkoutActivityTypeCycling,26.59481686552366,min,2023-08-08 21:45:24 +0800,2023-08-08 21:16:29 +0800,2023-08-08 21:44:27 +0800
HKWorkoutActivityTypeHighIntensityIntervalTraining,36.75995448231697,min,2023-08-10 15:58:07 +0800,2023-08-09 22:12:46 +0800,2023-08-10 06:16:17 +0800
HKWorkoutActivityTypeHighIntensityIntervalTraining,40.87414011756579,min,2023-08-10 22:19:52 +0800,2023-08-10 21:38:57 +0800,2023-08-10 22:19:50 +0800
HKWorkoutActivityTypeHighIntensityIntervalTraining,39.87067598501842,min,2023-08-11 22:08:57 +0800,2023-08-11 21:29:02 +0800,2023-08-11 22:08:55 +0800
HKWorkoutActivityTypeSkatingSports,53.89190919995308,min,2023-08-12 11:36:23 +0800,2023-08-12 10:42:27 +0800,2023-08-12 11:36:20 +0800
HKWorkoutActivityTypeHighIntensityIntervalTraining,20.86716708143552,min,2023-08-13 22:04:41 +0800,2023-08-13 21:43:48 +0800,2023-08-13 22:04:40 +0800
HKWorkoutActivityTypeHighIntensityIntervalTraining,46.87864921689034,min,2023-08-14 22:09:59 +0800,2023-08-14 21:23:04 +0800,2023-08-14 22:09:56 +0800
HKWorkoutActivityTypeHighIntensityIntervalTraining,40.88036793271701,min,2023-08-15 22:02:45 +0800,2023-08-15 21:21:50 +0800,2023-08-15 22:02:43 +0800
HKWorkoutActivityTypeHighIntensityIntervalTraining,43.87490341663361,min,2023-08-16 22:20:25 +0800,2023-08-16 21:36:30 +0800,2023-08-16 22:20:23 +0800
HKWorkoutActivityTypeHighIntensityIntervalTraining,50.87419421672821,min,2023-08-18 22:31:58 +0800,2023-08-18 21:41:03 +0800,2023-08-18 22:31:56 +0800
HKWorkoutActivityTypeSkatingSports,52.87398020029068,min,2023-08-19 21:14:05 +0800,2023-08-19 20:21:10 +0800,2023-08-19 21:14:02 +0800
HKWorkoutActivityTypeSwimming,52.87273968458176,min,2023-08-20 08:43:53 +0800,2023-08-20 07:50:58 +0800,2023-08-20 08:43:50 +0800
HKWorkoutActivityTypeSkatingSports,58.62725720008214,min,2023-08-20 18:02:30 +0800,2023-08-20 17:03:49 +0800,2023-08-20 18:02:27 +0800
HKWorkoutActivityTypeHighIntensityIntervalTraining,39.87788010040919,min,2023-08-21 22:11:26 +0800,2023-08-21 21:31:31 +0800,2023-08-21 22:11:24 +0800
HKWorkoutActivityTypeSoccer,72.88206909894943,min,2023-08-22 20:06:08 +0800,2023-08-22 18:53:11 +0800,2023-08-22 20:06:04 +0800
HKWorkoutActivityTypeHighIntensityIntervalTraining,48.07718838453293,min,2023-08-23 22:24:34 +0800,2023-08-23 21:36:27 +0800,2023-08-23 22:24:32 +0800
HKWorkoutActivityTypeHighIntensityIntervalTraining,19.39521916707357,min,2023-08-25 23:54:12 +0800,2023-08-25 23:15:37 +0800,2023-08-25 23:35:01 +0800
HKWorkoutActivityTypeSkatingSports,52.88452533284823,min,2023-08-26 20:59:22 +0800,2023-08-26 20:06:26 +0800,2023-08-26 20:59:19 +0800
HKWorkoutActivityTypeSwimming,55.88107238610586,min,2023-08-27 08:59:25 +0800,2023-08-27 07:53:11 +0800,2023-08-27 08:50:00 +0800
HKWorkoutActivityTypeSwimming,67.66851341724396,min,2023-08-27 18:11:46 +0800,2023-08-27 17:04:02 +0800,2023-08-27 18:11:42 +0800
HKWorkoutActivityTypeSkatingSports,52.87572161555291,min,2023-08-27 21:02:52 +0800,2023-08-27 20:09:57 +0800,2023-08-27 21:02:50 +0800
HKWorkoutActivityTypeHighIntensityIntervalTraining,15.86989451646805,min,2023-08-27 21:32:49 +0800,2023-08-27 21:16:56 +0800,2023-08-27 21:32:48 +0800
